-- phpMyAdmin SQL Dump
-- version 5.1.1
-- https://www.phpmyadmin.net/
--
-- Host: 127.0.0.1
-- Erstellungszeit: 25. Dez 2021 um 00:48
-- Server-Version: 10.4.22-MariaDB
-- PHP-Version: 7.3.33

SET SQL_MODE = "NO_AUTO_VALUE_ON_ZERO";
START TRANSACTION;
SET time_zone = "+00:00";


/*!40101 SET @OLD_CHARACTER_SET_CLIENT=@@CHARACTER_SET_CLIENT */;
/*!40101 SET @OLD_CHARACTER_SET_RESULTS=@@CHARACTER_SET_RESULTS */;
/*!40101 SET @OLD_COLLATION_CONNECTION=@@COLLATION_CONNECTION */;
/*!40101 SET NAMES utf8mb4 */;

--
-- Datenbank: `gangwar`
--

-- --------------------------------------------------------

--
-- Tabellenstruktur für Tabelle `accounts`
--

CREATE TABLE `accounts` (
  `id` int(11) NOT NULL,
  `username` varchar(128) NOT NULL,
  `password` varchar(512) DEFAULT 'none',
  `socialClub` varchar(128) NOT NULL,
  `hwId` varchar(512) NOT NULL,
  `money` int(11) NOT NULL DEFAULT 5000,
  `hasAufnahmepflicht` tinyint(1) NOT NULL DEFAULT 0,
  `changedNameAlready` tinyint(1) NOT NULL DEFAULT 0,
  `ban` tinyint(1) NOT NULL DEFAULT 0,
  `isTimeban` tinyint(1) NOT NULL DEFAULT 0,
  `timebanHours` int(11) NOT NULL,
  `banTimestamp` timestamp NOT NULL DEFAULT current_timestamp(),
  `warns` int(11) NOT NULL DEFAULT 0,
  `mute` tinyint(1) NOT NULL DEFAULT 0,
  `adminrank` int(11) NOT NULL DEFAULT 0,
  `level` int(11) NOT NULL DEFAULT 1,
  `exp` int(11) NOT NULL DEFAULT 0,
  `prestigeLevel` int(11) NOT NULL DEFAULT 0,
  `kills` int(11) NOT NULL DEFAULT 0,
  `deaths` int(11) NOT NULL DEFAULT 0,
  `faction` int(11) NOT NULL DEFAULT 0,
  `factionrank` int(11) NOT NULL DEFAULT 0,
  `lastGift` timestamp NOT NULL DEFAULT current_timestamp(),
  `lockState` int(11) NOT NULL DEFAULT 0
) ENGINE=InnoDB DEFAULT CHARSET=latin1;

--
-- Daten für Tabelle `accounts`
--

INSERT INTO `accounts` (`id`, `username`, `password`, `socialClub`, `hwId`, `money`, `hasAufnahmepflicht`, `changedNameAlready`, `ban`, `isTimeban`, `timebanHours`, `banTimestamp`, `warns`, `mute`, `adminrank`, `level`, `exp`, `prestigeLevel`, `kills`, `deaths`, `faction`, `factionrank`, `lastGift`, `lockState`) VALUES
(281, 'Duchess', '13377', 'Duchess-X', 'D8903A045B40203811D0EDD01EE60C10B918E57044ECB5B018500A1C434020E0E99095702EDEECA891388D90241C7D605810DA342B402088C1503D103E342F80', 18750, 0, 0, 0, 0, 0, '2021-12-21 20:15:58', 0, 0, 13, 28, 250, 0, 185, 129, 187, 12, '2021-12-21 20:15:58', 0),
(282, 'Justin_Woke', 'Baum', 'Justin_Woke', 'D8903A045B7051701F104D0C345E77001F84C9FC1A369B8070F018C8DD2218E0AEAEB8FC2598CFE8B0B666C4F7FCFF7010E008A056B6E9C06FEC3D60ABE8C580', 12750, 0, 0, 0, 0, 0, '2021-12-22 12:20:20', 0, 0, 9, 15, 150, 0, 41, 46, 0, 0, '2021-12-22 12:20:20', 0),
(283, 'Tim_Woke', '123456', 'ghost_xtim20', 'D8903A045B463540C976D2A83DE01B10B918D248C6DEE05070F018C8DD223F60E8A21D98C6C67048D9BA648862444300AEE008A056B6E9388B907BC45EC63440', 9472000, 0, 0, 0, 0, 0, '2021-12-22 14:12:58', 0, 0, 12, 50, 460, 0, 1010, 29, 2, 2, '2021-12-22 14:12:58', 0),
(284, 'Nick_Woke', 'jannik2410', 'aoall187', 'D8B26DAC00782D287AA4D9F815185A1058425D5C00B8DD781A448998A558BA20D8D24D0C00F88DC8BAE4393835981A3058623DBC00383D185A84E9D8C5D87A40', 2131500, 0, 0, 0, 0, 0, '2021-12-23 21:35:39', 0, 0, 12, 56, 550, 0, 393, 29190, 17, 2, '2021-12-22 16:27:27', 0),
(285, 'Cedriq1337', 'Cedriq123', 'Jamie-FN', 'D8903A045B76F9D0EEEC7C94B6B2A3A0B9726AFC2F6281B0A2F018C8DD2237E05ABCBA50B314B908BABA3BE8F72A5D50724408A056B6E9F8C7E48A8824765700', 9000, 0, 0, 0, 0, 1, '2021-12-23 19:31:38', 3, 0, 5, 23, 50, 0, 122, 199, 17, 1, '2021-12-23 13:32:53', 0),
(286, 'MonkeyFelix', 'papaundfelix', 'MonkeyFelix_', 'DF9AA0CC2308034068A43FA88B320300237E44E44870C6B85E16856C607AD980C55078E83114A1D8D5C0D134BCA658800AAACA2C2B3E20288FF88760881637C0', 3250, 0, 0, 0, 0, 0, '2021-12-23 13:34:29', 0, 0, 0, 5, 40, 0, 27, 55, 2, 1, '2021-12-23 13:34:29', 0),
(287, 'Kevin', 'Kevin08062008', 'kexly-', 'D8903A045B5800783A0045D45B624AC0752A0BF8B1C8F7B089F018C8DD229C00EF14009C630A11700C128F0CAE161430721208A056B6E9E00066EE00F32847C0', 29000, 0, 0, 0, 0, 0, '2021-12-23 13:36:19', 0, 0, 4, 17, 200, 0, 96, 59, 0, 0, '2021-12-23 13:36:19', 0),
(288, 'derprofi_xenon', '1234', 'Derprofi_xenon_f', 'D8903A045BFAD6B84C2074C8FC2A4AB075180B70C6DEF73870F018C8DD22E140D75870F03E087570E312640CBC4443307DE008A056B6E9C8AAF664C06CEAA2C0', 30000, 0, 0, 0, 0, 0, '2021-12-23 13:36:23', 0, 0, 9, 45, 60, 0, 280, 747, 2, 1, '2021-12-23 13:36:23', 0),
(289, 'Manu_Back', 'Bojan123', 'Manuel_Kiez', 'D8903A045B4CD6283A1EB35868621DC075067DC0050A84D83EF018C8DD225E40A5146904FA3011F80C12391470CEA140B97C08A056B6E970AA22EEB4558C4380', 2000, 0, 0, 0, 0, 0, '2021-12-23 13:36:40', 0, 0, 0, 4, 15, 0, 22, 11, 0, 0, '2021-12-23 13:36:40', 0),
(290, 'Blue_Back', '1234', 'Vagos_Panda', 'D8903A045B6474C09D925800E6FC1DB075067D4872188778DAF018C8DD22DA80F88A7F2000B4BEF8E3123914628C9C30F5B408A056B6E9508C30776CE8F0CD40', 9250, 0, 0, 0, 0, 0, '2021-12-23 14:07:53', 0, 0, 0, 4, 40, 0, 27, 17, 0, 0, '2021-12-23 13:36:54', 0),
(291, 'ezcom', 'abcd1234', '-_-Rewan-_-', 'D8903A045B121540E0C6CFA84A54C210B90644AC6E369B20F3F018C8DD225D6008C035D4C6ECEAB0D9BA399043B4FF704CE608A056B6E9A8ABD0A0A4D9581C80', 22500, 0, 0, 0, 0, 0, '2021-12-23 13:45:43', 0, 0, 1, 22, 325, 0, 190, 316, 2, 1, '2021-12-23 13:45:43', 0),
(292, 'TurTle88', 'Undertaker_02', 'Sean18053', 'D8903A045BE207C0A6102FF04A2A4A001F966AACF0705620DAF018C8DD22652018ACB854A4EC7570B0B691E843A058E04CB408A056B6E9E83970B26079BC14C0', 5750, 1, 0, 0, 0, 0, '2021-12-23 13:48:27', 1, 0, 0, 13, 50, 0, 51, 41, 0, 0, '2021-12-23 13:48:27', 0),
(293, 'bligi', '160fps', 'Zockermaze567', 'D8903A045BDC9AA099FAA8E04EE4B3B075181E34485A56F070F018C8DD2246C0B4426BE088E4B288E3126438353029E0EAE008A056B6E9B0E6C8EBDC18B44FC0', 12000, 0, 0, 0, 0, 0, '2021-12-23 13:51:44', 0, 0, 0, 7, 100, 0, 28, 62, 0, 0, '2021-12-23 13:51:44', 0),
(294, 'Snow', 'Rolle2006', 'Priixo_', 'D8903A045B06CBE08BDE406C097459C075AC99E4B1D6CCB018500A1C431E838053264044418481E0ED3CE15CE9EEAC605810DA342B363B201B6E401C79EA0440', 22000, 0, 0, 0, 0, 0, '2021-12-23 13:56:29', 0, 0, 0, 11, 25, 0, 68, 54, 0, 0, '2021-12-23 13:56:29', 0),
(295, 'Bujar7', 'Bujar123', '-Kez0-', 'D8903A045BF4B6B8B4C8F23CC7B295B075D044704478F78025F018C8DD22C24017A8BC18B932B938E312B890BC588C30104A08A056B6E990CA769CB03E36F080', 7250, 0, 0, 0, 0, 0, '2021-12-23 13:57:17', 0, 0, 0, 3, 0, 0, 9, 30, 0, 0, '2021-12-23 13:57:17', 0),
(296, 'tjnnk', 'jannik2006', 'twitchtjnnk', 'D8B26DC0A6B85B08FCAE97102F4CEEC098D8AAE0CDCA9050D4521B10DF5654606AA40460BC54E8E82760FAF0492E2410159891885A4828A0FEF0038430180440', 47000, 0, 0, 0, 0, 0, '2021-12-23 13:57:36', 0, 0, 11, 30, 420, 0, 168, 198, 17, 1, '2021-12-23 13:57:36', 0),
(297, 'awde', '187187187', '_cFADE', 'D8903A045B12E7D8DD54EAB0AE5868001F84B6602F4CC92070F018C8DD225D209B0AA6B8F4242CC0B0B66698D82A2ED04CE008A056B6E9A8595E37F88620A280', 98000, 0, 0, 0, 0, 0, '2021-12-23 14:45:33', 0, 0, 0, 34, 200, 0, 454, 201, 0, 0, '2021-12-23 14:07:25', 0),
(298, 'RaZe', 'Synix', 'Synix_Monly', 'D8903A045BFAA8E8AFB64078FC2A4910B9E21E5C2FA40EC889F018C8DD22E100BDCE7D0032087518D9BAE3388F2AEA60A31208A056B6E9C85892ED44C0326B80', 24500, 0, 0, 0, 0, 0, '2021-12-23 14:18:52', 0, 0, 0, 27, 0, 0, 374, 391, 0, 0, '2021-12-23 14:18:52', 0),
(299, 'Marco_Alonso', 'Noahlilly09', 'IchRauchHanf', 'D8903A045B34B3E8CEC4F594EA346810B9F4BF5C2FF4E020DAF018C8DD22E2A09D7C2EDCB3AC5AC0D9BA0E5C8F2A72004CB408A056B6E9908D522A98C3BA7600', 5000, 0, 0, 0, 0, 0, '2021-12-23 14:19:20', 0, 0, 0, 1, 0, 0, 0, 17, 0, 0, '2021-12-23 14:19:20', 0),
(300, 'pixelfrosch', '9765', 'Hellnel_69', 'D8903A045B06E4C8996EA24882B63B10B9F4BFBC9CB29B983EF018C8DD221F8039428158DE7CFB48D9BA0E5C27E8E570417C08A056B6E9381CAAEB940E163B80', 5250, 0, 0, 0, 0, 0, '2021-12-23 14:21:47', 0, 0, 0, 2, 0, 0, 1, 16, 0, 0, '2021-12-23 14:21:47', 0),
(301, 'NoDeniz', '1234', 'DripDeniz', 'D8903A045B4C5FB0352EC1D88B662C001F96DC605920840825F018C8DD225E20B63A21EC5AAA5320B0B691F0D886D0401B4A08A056B6E970E1BC3F1417BCCDC0', 6750, 0, 0, 0, 0, 0, '2021-12-23 14:28:37', 0, 0, 0, 3, 20, 0, 7, 14, 0, 0, '2021-12-23 14:28:37', 0),
(302, 'Reviil', 'reviil1', 'Reviil_', 'FD0412104CFE2320D4EAC3EC15760C50742426C42A845CA0CD826CB08DCEF720CDE83F504A4C8B50F6A8F49CE1B88C30D9022B24C42E2C7072527668F4AAED80', 5000, 0, 0, 0, 0, 0, '2021-12-23 14:34:23', 0, 0, 0, 1, 0, 0, 0, 0, 0, 0, '2021-12-23 14:34:23', 0),
(303, 's2niklas', 'anjaanja333', 'DonGalvano28', 'D8903A045BE838B8AF2ED4EC410A2C001F967D985DD69E90DAF018C8DD228400F7CE2170ADBEE520B0B69114165E0F6026B408A056B6E920C836ED140C4E3F40', 1250, 0, 0, 0, 0, 3, '2021-12-24 00:43:26', 1, 0, 0, 55, 30, 0, 423, 195, 0, 0, '2021-12-23 14:57:55', 0),
(304, 'Ronny', 'Ronny123', 'DieRonny', 'D8903A045B8E2300E948AE2868DCB2B075F4E5BCCAD6E3C03EF018C8DD22B3A000E2FC6866302E30E3120EB4271C0FF0887C08A056B6E9D81D00DBB0220A9E80', 15750, 0, 0, 0, 0, 0, '2021-12-23 15:04:00', 0, 0, 0, 5, 65, 0, 43, 43, 0, 0, '2021-12-23 15:04:00', 0),
(305, 'Tecno', '1234', 'Tecnooooo', 'EBE6E5CC1588C8808372FAA8A5B0C530671683705860DD787E6C43609F7AE960F158E840377E0230E11079C46BAA5F407820918486F47FC0530EEDF4CDAE7B40', 10250, 0, 0, 1, 0, 0, '2021-12-23 15:08:29', 0, 0, 0, 4, 15, 0, 21, 2, 0, 0, '2021-12-23 15:04:11', 0),
(306, 'Rico_Altintasch', 'peer2007', 'Hoppistealurgirl', 'D8903A045B3427E0AE8AFE74A53448001F8457FCB15A3F90F3F018C8DD22E2205C3C63283BF65AC0B0B666BCF71629B026E608A056B6E99019D8CA3C522A6F00', 12000, 0, 0, 0, 0, 0, '2021-12-23 15:14:30', 0, 0, 0, 4, 50, 0, 28, 22, 0, 0, '2021-12-23 15:14:30', 0),
(307, 'Noah', 'Rednecks1990', 'NoahChampion', 'D9EC3080F5F634507AC2C3A87EDAB7601040A3349C9CC638016CF2B495D4F000517204E812AE3F30668E7348D0C0FFB06C345E247DF4DA6851BCB080ADD88680', 23000, 0, 0, 0, 0, 0, '2021-12-23 15:15:47', 0, 0, 4, 54, 600, 0, 330, 112, 19, 2, '2021-12-23 15:15:47', 0),
(308, 'Fluffy', 'Bernt1', 'SP_SyLox', 'D8903A045BACF9D0CE52062C300EFFB07518313487B29B5089F018C8DD224EE03A7C1F885DA027A8E312646435BAE570AE1208A056B6E9F0C7A42AEC0AFAD980', 9500, 0, 0, 0, 0, 0, '2021-12-23 15:17:16', 0, 0, 0, 4, 0, 0, 18, 29, 0, 0, '2021-12-23 15:17:16', 0),
(310, 'Jeanpierre_formuso', 'Jeanpierre2933', 'jeanpierrereceip', 'D8903A045B8890D05ECA8A2C60BA2CC0751831E41E18FAF057F018C8DD2294003A9CC3385D403D200C12646481D49C20EAAE08A056B6E9A070A4DABCE6402C40', 11750, 0, 0, 0, 0, 0, '2021-12-23 15:24:21', 0, 0, 0, 8, 25, 0, 27, 163, 0, 0, '2021-12-23 15:24:21', 0),
(311, 'agrsystem', 'NickH2006', 'scarityy', 'D8903A045B7C6D5804A6B3740DE43BA0B92A44844818FA78DAF018C8DD2256606B48C5043B26B248BABA8F90E9309C20F5B408A056B6E930537E8CE455760CC0', 8250, 0, 0, 0, 0, 0, '2021-12-23 15:27:53', 0, 0, 0, 6, 10, 0, 47, 64, 0, 0, '2021-12-23 15:27:53', 0),
(312, 'TopIz', '187361', 'TopIz102', 'D8903A045B06BDC817366B0C2B184A001F4E57D42F8E3CC870F018C8DD221F60591E3DA4256A0C70B0B6E5BC9D2ABBC0A3E008A056B6E93803EA2544DDA22F00', 7250, 0, 0, 0, 0, 0, '2021-12-23 15:35:44', 0, 0, 0, 5, 50, 0, 9, 13, 0, 0, '2021-12-23 15:35:44', 0),
(313, 'RequVanBerger', 'Totti1209', 'Requ-Crack', 'D8903A045B9A3848E01656A8570A2B10B9F4ACA81E18110825F018C8DD22F10029C04D48C612E5C8D9BA0E30FAD49C501B4A08A056B6E948C80AA0843AA6A200', 12000, 0, 0, 0, 0, 0, '2021-12-23 15:39:25', 0, 0, 4, 68, 400, 0, 498, 345, 2, 1, '2021-12-23 15:39:25', 0),
(314, 'Maison', '2001', 'Maisonnnnn', 'D8903A045B06CBE08BDE406C16BAE0001F18BF70B1D6CCB018500A1C431E8380532640446642E08087383790E9EEAC605810DA342B363B201B6E401CB6284380', 3250, 0, 0, 0, 0, 0, '2021-12-23 15:51:24', 0, 0, 0, 16, 50, 0, 75, 98, 0, 0, '2021-12-23 15:51:24', 0),
(315, 'Glizzy', 'yarro1212', 'Mocro_Bandit65', 'D8903A045B94D6C07E22AD24758C0E001F4EE57009709B0889F018C8DD22D24018DCF77C6F5686D0B0B6E5B4BCA658701B1208A056B6E910AA703ACC4B16B980', 28000, 0, 0, 0, 0, 0, '2021-12-23 15:57:47', 0, 0, 0, 20, 5, 0, 174, 180, 0, 0, '2021-12-23 15:57:47', 0),
(316, 'Rammo', 'asdasd', 'Ahmed-__-557', 'D8903A045BA6665059203A7068FC3BB075E231487244E378DAF018C8DD222F402AC270784430BE48E312E364628CFAF0F5B408A056B6E9B81A042BC0B68CC5C0', 5000, 0, 0, 0, 0, 0, '2021-12-23 15:58:38', 0, 0, 0, 1, 0, 0, 0, 2, 0, 0, '2021-12-23 15:58:38', 0),
(317, 'tjay', 'lukai1982', 'KriegstBrett', 'D8903A045B76A588CAC4D404E60A2B10B9E299E4B1B2B2500CF018C8DD22376031342E70F7B4E5C8D9BAE3048116E5A0AE1808A056B6E9F81BDA9E980CAC5700', 15500, 0, 0, 0, 0, 0, '2021-12-23 15:59:13', 0, 0, 0, 46, 275, 0, 282, 224, 0, 0, '2021-12-23 15:59:13', 0),
(318, 'v_fluencer', 'Lennox', 'V_Fluencer', '315690A4F55049A88C9AE4BC3C5A940041A8DC6005B250D8C9B0F5CCFCCE54A0ACB604C015B8ECC0D90E100C9D10A1F06C02C4841C127480E9C8FC20ADDE0F40', 25750, 0, 0, 0, 0, 0, '2021-12-23 16:00:22', 0, 0, 0, 17, 200, 0, 93, 60, 0, 0, '2021-12-23 16:00:22', 0),
(319, 'darunoo', '51371lev', 'Daruno420', 'D8903A045B946628096071B0870095B0752A905C8770FAF057F018C8DD22D240A522D02CF4B20038E3128F408FBA5820EAAE08A056B6E9101A223B40E73830C0', 5000, 0, 0, 0, 0, 0, '2021-12-23 16:08:03', 0, 0, 0, 1, 0, 0, 0, 0, 0, 0, '2021-12-23 16:08:03', 0),
(320, 'Moritz_Rojas', 'baum1234', 'Mori1tz', 'D8903A045B40EFC85EE23450BA76C1B075F40B8459A498C870F018C8DD222020199C97F00C0CDB58E3120E0CE986EA80A3E008A056B6E900516ADA4CACF0C500', 14500, 0, 0, 0, 0, 0, '2021-12-23 16:13:07', 0, 0, 0, 11, 25, 0, 38, 30, 0, 0, '2021-12-23 16:13:07', 0),
(321, 'Rally', 'Coolfinn2011', 'Kassan1acht7', 'D8903A045BFACF40E5BA37C02B6CEE10B9E2E5481A0AB238F3F018C8DD22E120089A0BB4506AF6D0D9BAE3B462FCA1A07DE608A056B6E9C871D04F5C317C4B80', 6000, 0, 0, 0, 0, 0, '2021-12-23 16:15:09', 0, 0, 0, 16, 0, 0, 76, 40, 0, 0, '2021-12-23 16:15:09', 0),
(322, 'roxie', 'Davis6163', 'davis133', 'D8903A045B34587874FC95BCCC8C2B001F846A38448E6A98A2F018C8DD22E200CF28725C196886C8B0B666E87E58BB20414408A056B6E990A826DCE82338D9C0', 14750, 0, 0, 0, 0, 0, '2021-12-23 16:15:31', 0, 0, 0, 13, 0, 0, 63, 162, 0, 0, '2021-12-23 16:15:31', 0),
(323, 'Loma', '1234', 'James_Kegelbahn', 'D8903A045BFAA830878CBB44493E49C0750644841A8E53B0BBF018C8DD22E100E6FEEA64E7AE3F180C123990E9FCBBF0727608A056B6E9C8589C75480DA27200', 6750, 0, 0, 0, 0, 0, '2021-12-23 16:19:08', 0, 0, 1, 11, 150, 0, 41, 48, 0, 0, '2021-12-23 16:19:08', 0),
(324, 'ilias', 'nescha123456', '26AidenYoung', 'F05293C014DCC8F87AB8E4BC2F8485C08604BDACB0866780646428E4C22854A08B1CE1307EEC695870BA3B40B4EC88D00A98C484E7B43DA076D4150430201000', 7750, 0, 0, 0, 0, 0, '2021-12-23 16:21:40', 0, 0, 0, 13, 90, 0, 59, 90, 0, 0, '2021-12-23 16:21:40', 0),
(325, 'Johnny_Chupapi', 'Gambo12', 'Johnny_Sutton', 'D8903A045BDC312870E892482B223A10B9F4AC341AF4F750F3F018C8DD2246E0A5E02C98DE6AF1F0D9BA0E3035FC7230AEE608A056B6E9B08F2250709EF83FC0', 6000, 0, 0, 0, 0, 0, '2021-12-23 16:28:36', 0, 0, 0, 11, 115, 0, 52, 49, 0, 0, '2021-12-23 16:28:36', 0),
(326, 'Ben_Travolta', '220403', 'TTVRileyt', 'D8903A045B0C15F0317A71CCBA84DF001F9690386E8E53B089F018C8DD223E60BEF2AB2C750C02A8B0B691407EB4BBF0721208A056B6E970AB8CB3DCE7F83FC0', 14250, 0, 0, 0, 0, 0, '2021-12-23 16:31:48', 0, 0, 0, 25, 275, 0, 203, 172, 0, 0, '2021-12-23 16:31:48', 0),
(327, 'leonie', 'pico3456', 'LsD_elena', 'D8903A045BA03F705A787C605BD258C075F4F8D0485A56203EF018C8DD221020CE54A450280A49400C120EE0543029E04C7C08A056B6E980012C4ED024CAD940', 5000, 0, 0, 0, 0, 0, '2021-12-23 16:41:56', 0, 0, 0, 1, 0, 0, 0, 0, 0, 0, '2021-12-23 16:41:56', 0),
(328, '4eric', 'ericmaggambo', 'Matschkalight', '335A90DC046288C813080504E176B2A04160A3741A620B805F48392075EA4CE08BEA2778124650A8213491BC70E28C10B822C190BB12F3D83E844B40AD148940', 5000, 0, 0, 0, 0, 0, '2021-12-23 16:47:37', 0, 0, 0, 1, 0, 0, 0, 0, 0, 0, '2021-12-23 16:47:37', 0),
(329, 'Draco', 'Penis123', 'Wrissooo', 'D8903A045B6A6D5059423790A0423BB075187D844420B26825F018C8DD22F9602AC267B4BCC08148E3126414E958D0A0DF4A08A056B6E98853042B8C315CAD00', 19000, 0, 0, 0, 0, 0, '2021-12-23 17:15:59', 0, 0, 0, 10, 75, 0, 56, 43, 0, 0, '2021-12-23 17:15:59', 0),
(330, 'Shizzo_Gambo', 'Lucien09', 'xShizzo028', 'D8903A045B40BAE894283768C7AE4810B906315CB19C11D825F018C8DD2220C09D688CB4563277C0D9BA39648F16B650B94A08A056B6E900C6523CF0316CC5C0', 1500, 0, 0, 0, 0, 0, '2021-12-23 17:16:51', 0, 0, 0, 4, 0, 0, 10, 13, 0, 0, '2021-12-23 17:16:51', 0),
(331, 'tenki', 'LOHNUNTERNEHMER', 'TenkiHD', 'D8903A045BF44D10DCBA2CD4686287A0B93C7DAC87F4B250A2F018C8DD22C26062780B9063301168BABABA1443BA72A0AE4408A056B6E99073B4145CF44EB900', 54000, 0, 0, 0, 0, 0, '2021-12-23 17:22:06', 0, 0, 0, 26, 200, 0, 220, 220, 0, 0, '2021-12-23 17:22:06', 0),
(332, 'Ezco_', '0000', 'Jurexiia', 'D8903A045B704A2023CA008CBEF43910B92A0B98597853B089F018C8DD2218C064F6C300C5043A98D9BA8F0C16868CF0721208A056B6E9C036A8C9BC0064B140', 5750, 0, 0, 0, 0, 0, '2021-12-23 17:27:00', 0, 0, 0, 3, 0, 0, 3, 2, 0, 0, '2021-12-23 17:27:00', 0),
(333, 'Teemo', 'shitchanged', 'likeTeemo', 'D8903A045B40203811D0EDD01EE60C10B918E57044ECB5B018500A1C434020E0E99095702EDEECA891388D90241C7D605810DA342B402088C1503D103E342F80', 10750, 0, 0, 1, 0, 4, '2021-12-23 17:50:02', 0, 1, 0, 8, 75, 0, 23, 25, 0, 0, '2021-12-23 17:35:04', 0),
(334, 'Juliano_Brooks', 'Luis1812', 'LuisTall', 'F3DCB80851EE9380A7F41B88A4AE1D30AA16AA20EAFEBBF8B0C6465C1E18EF606354397888CCAB885DE0E5989DB48C30A396FE5C46F0AE5855C21004EA9AF840', 17500, 0, 0, 0, 0, 0, '2021-12-23 17:41:52', 0, 0, 0, 12, 150, 0, 50, 23, 0, 0, '2021-12-23 17:41:52', 0),
(335, 'Kekse', 'ichmagkekse', 'zlovesKekse', 'D8903A045BA04D206C78EAE8EAC0DF001F966A386E8E81B089F018C8DD221060A498A4B8B6ACE0A8B0B691E87EB4BB50721208A056B6E9807328C4D0865E4F40', 6000, 0, 0, 0, 0, 0, '2021-12-23 17:44:32', 0, 0, 0, 21, 150, 0, 140, 97, 0, 0, '2021-12-23 17:44:32', 0),
(336, 'Nick_Smith', 'Cyzzo12345', 'Cyzzo-YT', 'D8903A045BAC6268248CA860A9D24910B9F4D2F8DBAA59C818500A1C435CB2A084DCE820E13AF1A891E462884392C1905810DA342B0C02D8E42C28E01900FC80', 20000, 0, 0, 0, 0, 0, '2021-12-23 17:49:22', 0, 0, 0, 14, 0, 0, 60, 71, 0, 0, '2021-12-23 17:49:22', 0),
(337, 'Maske_Scheppert', 'Maske', 'AlYigit', 'D8903A045BE8AF107ED89D4000188610B9F4D2D0F4AA7060DAF018C8DD22842062DC74BCB0000C10D9BA0E885478B100C4B408A056B6E92091B43A10DB8C8A00', 14750, 0, 0, 0, 0, 0, '2021-12-23 17:59:50', 0, 0, 0, 11, 50, 0, 39, 35, 0, 0, '2021-12-23 17:59:50', 0),
(338, 'NirSon', 'qwewq123', 'HAIDAR46', 'D07C2B04BB4CEB688C72EFECFB3EFE80DE5070D82D962930B552A40C19CEB9206230BAA010342F2897147F3CBCA643B07702C6E096F0B09031BA05F849C27EC0', 5000, 0, 0, 0, 0, 0, '2021-12-23 18:03:04', 0, 0, 0, 1, 0, 0, 0, 0, 0, 0, '2021-12-23 18:03:04', 0),
(339, '1exe', '1exe', 'Stugi03-l-', 'D8903A045B34EBA870009D68F3D259001F4E9024058EF768A2F018C8DD22E2A0B5E000BC16DA4998B0B6E54051CEBB30DF4408A056B6E99055C25000DBEA0880', 13500, 0, 0, 0, 0, 0, '2021-12-23 18:18:23', 0, 0, 0, 13, 150, 0, 58, 69, 0, 0, '2021-12-23 18:18:23', 0),
(340, 'Texiz', 'Lezgin2007', 'HDN_gaming1', 'D8903A045BAC7B58ED486944CC66C3B075181EF89CC8C9B089F018C8DD224EA04B2AFCCCA7685308E3126438AEE814D0721208A056B6E9F0C53E67B02F6EC980', 35000, 0, 0, 0, 0, 0, '2021-12-23 18:25:12', 0, 0, 0, 44, 280, 0, 300, 255, 0, 0, '2021-12-23 18:25:12', 0),
(341, '1234', '1234', 'xXJohn187Xx', 'D8903A045B2EF6A01E584060D590FFB075186AC01AB256A8DAF018C8DD22C340541CB400E896C8A8E31264E870FCE5E057B408A056B6E9588A081A10C0DC2040', 19250, 1, 0, 0, 0, 0, '2021-12-23 18:25:54', 0, 0, 0, 22, 250, 0, 149, 102, 0, 0, '2021-12-23 18:25:54', 0),
(342, 'Patrik', 'Energywolf12', 'BlackDesire21', 'D8903A045B00CFA8DCF242182B68D0001F600BAC870A2580BBF018C8DD220020B5784FD84A6AB480B0B6100C43BAA190107608A056B6E90071C214AC6E94C980', 8500, 0, 0, 0, 0, 0, '2021-12-23 18:27:51', 0, 0, 0, 6, 75, 0, 14, 25, 0, 0, '2021-12-23 18:27:51', 0),
(343, 'Max_Weyz', 'musikus23', 'M7X2310', 'D8903A045BF4DDF88634C11CEA343A001F4E1E989C7056D8DAF018C8DD22C260DF6CB6EC41AC5AF0B0B6E53816E858E0B9B408A056B6E990E3C6523817EA0480', 27000, 0, 0, 0, 0, 0, '2021-12-23 18:30:36', 0, 0, 0, 16, 225, 0, 88, 56, 0, 0, '2021-12-23 18:30:36', 0),
(344, 'Xrs1337', '1234', 'WhatsCracking', 'D8903A045BA0A5F8D774423CA04286B0759AACD09CD69EC818500A1C43206DE0BF24D2B4A06AF6B8ED120C30BCEE4E905810DA342BA035C8A7D4622CA0E8C140', 14750, 0, 0, 0, 0, 0, '2021-12-23 18:30:51', 0, 0, 0, 11, 50, 0, 39, 49, 0, 0, '2021-12-23 18:30:51', 0),
(345, 'carti', '1234', 'wladimir030', 'D8903A045B2ECFB84792E2F4C7A4C1001F4E57FC2F20C920F3F018C8DD22C320D77E7F58DB329258B0B6E5BCF72AD0D04CE608A056B6E95871F6B56CCE18FC40', 9000, 0, 0, 0, 0, 0, '2021-12-23 18:35:51', 0, 0, 0, 7, 25, 0, 16, 15, 0, 0, '2021-12-23 18:35:51', 0),
(346, 'Kai_Bambus', '12345', '1122Henry', 'D8903A045B06CBE08BDE406C16BAE010B9AC4DE4B1D6CCB018500A1C431E8380532640446642E0A8913C355CE9EEAC605810DA342B363B201B6E401CB6284380', 7500, 0, 0, 0, 0, 0, '2021-12-23 18:45:59', 0, 0, 0, 5, 25, 0, 10, 22, 0, 0, '2021-12-23 18:45:59', 0),
(347, 'Nico_XyX', '18121812', 'KlatschAlleWeg', 'D8903A045B7CACC867882F30825E0C10B9D0E5E487B23F3825F018C8DD22568019BE5C54947CCF20D9BAB8B481BAE5B07D4A08A056B6E930546A153079189AC0', 7250, 0, 0, 0, 0, 0, '2021-12-23 18:47:18', 0, 0, 0, 3, 0, 0, 9, 15, 0, 0, '2021-12-23 18:47:18', 0),
(348, 'Moe_XyX', 'meilo183', 'Bigfhr', 'D8903A045B887BD87DE82FF4ADF848001F4E3184C6B28438F3F018C8DD2294A05B4A2C54DBE67CC0B0B6E564E944E5407DE608A056B6E9A0C5DE177079EA4780', 10250, 0, 0, 0, 0, 0, '2021-12-23 18:48:47', 0, 0, 0, 6, 5, 0, 21, 24, 0, 0, '2021-12-23 18:48:47', 0),
(349, 'bocko100', 'bocko100', 'Bocko100', 'D8903A045B583C20C1BABED4092AA4B075D044C0DB8E0E38BBF018C8DD229C8084120B28632E7560E312B8907072BB607D7608A056B6E9E0C4E8635C92B46740', 9000, 0, 0, 0, 0, 0, '2021-12-23 18:49:33', 0, 0, 0, 8, 105, 0, 50, 51, 0, 0, '2021-12-23 18:49:33', 0),
(350, 'Jason_Backstrep', 'Jason1234', 'Aytao74', 'D8903A045BE2CFC0E002FB2C092AD1001F4EF8988768595018500A1C436A2700E03A93844172B98087B6B8E88F08C1A05810DA342BF27F40E0722BDC79180480', 18000, 0, 0, 0, 0, 0, '2021-12-23 18:52:08', 0, 0, 0, 12, 175, 0, 52, 32, 0, 0, '2021-12-23 18:52:08', 0),
(351, 'rackz1337', 'Tryhard2005', 'rackz987', 'D8903A045B34EF30231A9DB0BFD60E10B9F499F8334456D83EF018C8DD22E220A6F6DBBCF4428BD0D9BA0E04AE02FAE0B97C08A056B6E990511CC99CDB944740', 6000, 0, 0, 0, 0, 0, '2021-12-23 18:52:32', 0, 0, 0, 3, 25, 0, 4, 6, 0, 0, '2021-12-23 18:52:32', 0),
(352, 'Zeus_Woke', 'Silvan2005', 'shakyzeusxxx', 'B87E3D2C10F2D3600918D9BC495A58C075241C7C186A2908506E77D01D4835A0CDB67830594C2CF8785615E490EA1B4031789184511298A03D743C74D8904800', 5500, 0, 0, 0, 0, 0, '2021-12-23 18:57:10', 0, 0, 0, 2, 0, 0, 2, 3, 0, 0, '2021-12-23 18:57:10', 0),
(353, 'vLmax', 'maxernst25', 'vLmax_', 'D8903A045B122A28CA6AD460B6C486B07518F80C1E2E56F070F018C8DD225DC0A534F37028142210E31264E0DBD4CBE0EAE008A056B6E9A856229E7C0C2E0480', 7750, 0, 0, 0, 0, 0, '2021-12-23 18:58:08', 0, 0, 0, 5, 50, 0, 11, 13, 0, 0, '2021-12-23 18:58:08', 0),
(354, 'schmock', '1234', 'pedissl', 'D8903A045B3A5110CE42C1087E543A001F96A3D4C65AFAD8F3F018C8DD2201E0427C67ECEE84EAF0B0B6916C9D442920B9E608A056B6E9C86F742A8C17582080', 16500, 0, 0, 0, 0, 0, '2021-12-23 19:01:17', 0, 0, 0, 7, 20, 0, 46, 43, 0, 0, '2021-12-23 19:01:17', 0),
(355, 'Andrew_XyX', 'Sakozauvjek1', 'GrisiBierchen', 'D8903A045BDC2318AA20C18C41D2A5B0750644709C7028A80CF018C8DD2246A063F470EC85BE49B8E3123990BCE85880571808A056B6E9B01DAE3EC0175E7E80', 22750, 0, 0, 0, 0, 0, '2021-12-23 19:03:45', 0, 0, 0, 13, 50, 0, 71, 59, 0, 0, '2021-12-23 19:03:45', 0),
(356, 'Nuda', '1234', 'Dark_Nuda', 'D8903A045B06CB18EA0421B8F3C83B10B9060B5CB15AFA90DAF018C8DD221FA083748E6C22DA6448D9BA390C8F16292026B408A056B6E93875EEFE18B72E8640', 9000, 0, 0, 0, 0, 0, '2021-12-23 19:29:52', 0, 0, 1, 3, 35, 0, 16, 16, 0, 0, '2021-12-23 19:12:35', 0),
(357, 'sportmacher', '123sportmacher', 'rassasmamam', 'D8903A045B766D481AB6324C8F6258B0753C4D18EF90F8D0D9A693B465AC01C01176F5A0377E02D83EDE486066AEF1B0FB823E4C4ED65D88E8BE87C863A27EC0', 18500, 0, 0, 0, 0, 0, '2021-12-23 19:13:54', 0, 0, 0, 8, 20, 0, 88, 32, 0, 0, '2021-12-23 19:13:54', 0),
(358, 'mici', 'mici14u', 'Kunfunk1337', 'E6B673A4608862304DEAC3ECE14CDF2053D87BF8F7F6EF000C6CA20C8DCEF7A06A82D6ECBCF60A38793AA0907614CB30D9025F88258C85A0711C79FC85288E00', 5000, 0, 0, 0, 0, 0, '2021-12-23 19:16:28', 0, 0, 0, 1, 0, 0, 0, 0, 0, 0, '2021-12-23 19:16:28', 0),
(359, 'blowy', 'blowy', 'str1ker__', 'D8903A045B2EBA00AFE6217CB2BA2C10B9F4ACF8C62025C889F018C8DD22C3C000CE256C691C3D20D9BA0E30AE44D090A31208A056B6E958C600ED64B7368A40', 58750, 0, 0, 0, 0, 0, '2021-12-23 19:30:13', 0, 0, 0, 25, 325, 0, 259, 92, 0, 0, '2021-12-23 19:30:13', 0),
(360, 'Smoliii', 'Shotokan2334', 'Smoli04', 'D8903A045BF48CA07970AB980026F0B0752A7D8459EC70C818500A1C43C46C8011B0C3C8001E70B8ED62E5BC511CF0905810DA342B944C60A9F0DBF8006C4B40', 4250, 0, 0, 0, 0, 0, '2021-12-24 23:06:55', 0, 0, 6, 18, 250, 0, 85, 100, 17, 1, '2021-12-23 19:31:19', 0),
(361, 'Nyxoy', '08NK0703', 'BloodyAngel123', 'D8903A045BE831405ED47CCCFBE62A10B9E2E5E44826A13818500A1C4388D900AE045C64A3DE3AA891BA8D5C087E49705810DA342B2881C0FE343CFC4B34AD80', 16000, 0, 0, 0, 0, 0, '2021-12-23 19:33:16', 0, 0, 0, 10, 100, 0, 44, 71, 17, 1, '2021-12-23 19:33:16', 0),
(362, 'Pablo_Cheater', 'Pablo_Drafter', 'Mattrixlol1', 'C6DAB2C04106C4584DA40558E556771035EC97F8B01E17A033C26E24AAAE6320216A12543EA0FB287C0E373843FC7770C9329F38118490D83958E9AC02AA8A40', 8500, 0, 0, 0, 0, 0, '2021-12-23 19:36:18', 0, 0, 0, 6, 75, 0, 14, 31, 0, 0, '2021-12-23 19:36:18', 0),
(363, 'Mooo', 'Cartana', 'Maurice-_-1', 'D8903A045B466678AAB648400D5E1B001F3C7DFC1ABA25B0A2F018C8DD223F40CFF47D60B026CF48B0B6BA14F7FC1990724408A056B6E9381A263E4478022480', 10750, 0, 0, 0, 0, 0, '2021-12-23 19:39:27', 0, 0, 0, 17, 230, 0, 111, 140, 17, 1, '2021-12-23 19:39:27', 0),
(364, 'Hazerino', 'Loco2003', 'AslanTeufel', '294A90CC136E65A0DDB8FA10E16894E07472DC8487865380FB966F94E43654C0ACEA0430A6B87720350EE35C702A1970C3288FF08648F3A0CC6CFC7C645A5280', 5000, 0, 0, 0, 0, 0, '2021-12-23 19:39:52', 0, 0, 0, 1, 0, 0, 0, 0, 0, 0, '2021-12-23 19:39:52', 0),
(365, 'Endi', 'endihakaj1', 'AfrimLumkaqi', 'D8903A045B52581808A87F6871182C10B9F4ACD0B1706D38DAF018C8DD227D004390CC14165E0C20D9BA0E30541658107DB408A056B6E9A8A86E18F0A9A44F80', 5500, 0, 0, 0, 0, 0, '2021-12-23 19:41:35', 0, 0, 0, 1, 10, 0, 2, 6, 0, 0, '2021-12-23 19:41:35', 0),
(366, 'sneex', 'sneex123', 'XDKnolleGm', 'D8903A045B52E4D8B4F042707E7EA4B075E2BFBCF40228D825F018C8DD227D807BA848D844845F60E312E35C27786D80B94A08A056B6E9A81C1E9CA06EDA9EC0', 8250, 0, 0, 0, 0, 0, '2021-12-23 19:41:43', 0, 0, 0, 3, 20, 0, 13, 9, 0, 0, '2021-12-23 19:41:43', 0),
(367, 'Umut', 'Oliumut2468', 'Dorfesel', 'D8903A045B58073870383A4C279668B0751844C02F20F7203EF018C8DD229C20E7E04478D5726BC0E3126490702AD0304C7C08A056B6E9E039965050B618CDC0', 5000, 0, 0, 0, 0, 0, '2021-12-23 19:42:18', 0, 0, 0, 1, 0, 0, 0, 0, 0, 0, '2021-12-23 19:42:18', 0),
(368, 'Methmulle', 'LegoLand', 'tom_abi', 'D8903A045B00F9687916A3E8D12E0EC0752A7D7044D659B018500A1C4300E1A0117E7BB8C9C6BEE0ED62E59024EEC1605810DA342B00C9D8A9E65388C1B4C940', 14750, 0, 0, 0, 0, 0, '2021-12-23 19:52:44', 0, 0, 0, 11, 25, 0, 39, 34, 17, 1, '2021-12-23 19:52:44', 0),
(369, 'Julian_Hugo', 'Julian2104', 'SageFNR', 'D8903A045B52120086609AA8042686001F84A3C0C68611080CF018C8DD227DC0E06CD0F806F83310B0B6666C704487501B1808A056B6E9A86EC0524056D07640', 11250, 0, 0, 0, 0, 0, '2021-12-23 19:56:04', 0, 0, 0, 9, 0, 0, 25, 33, 0, 0, '2021-12-23 19:56:04', 0),
(370, 'Danny_Gambo', 'Dannyknax2901', 'GoN2901', 'C8BA8EC0978E5B08FCB897E0D4F8857001D2D844E2A01D38451AF4D031B05C808BEEF3A4E8CE3680A3E22F2CECE8CB80E408916CE576F8588A60298C19405F40', 10250, 0, 0, 0, 0, 0, '2021-12-23 19:57:32', 0, 0, 0, 8, 25, 0, 21, 33, 0, 0, '2021-12-23 19:57:32', 0),
(371, 'Dustin_Yogger', 'Robloxaller1', 'xXDxstinXx', 'D8903A045B8E97B8CE0CAB8064EE2CB0752A7D48F0F49B9870F018C8DD22B320D77C2AA460389720E3128F1462A0727041E008A056B6E9D8A9F62A489DF218C0', 5750, 0, 0, 0, 0, 0, '2021-12-23 20:08:22', 0, 0, 0, 3, 0, 0, 3, 3, 0, 0, '2021-12-23 20:08:22', 0),
(372, 'rezax', 'lakwerdmannduhund', 'JavaException123', 'D8903A045BF4C1B8E5E20BA49858FFB0759A99E45D94706818500A1C43C4E9E09D9A23ECD83897B8ED12E15C3564F0D05810DA342B94110855523B34186E8A40', 6250, 0, 0, 0, 0, 0, '2021-12-23 20:17:30', 0, 0, 0, 3, 5, 0, 5, 29, 0, 0, '2021-12-23 20:17:30', 0),
(373, 'vayn', '1234', 'vaynhvh', 'D8903A045B5289B0827ECCECD52A1C001F3C7D100502425018500A1C439AF1C032462CC4AD727C80878CE5F09D4A92A05810DA342BE259D0E20E8C9C85183F80', 24250, 0, 0, 0, 0, 0, '2021-12-23 20:20:23', 0, 0, 0, 25, 360, 0, 223, 116, 0, 0, '2021-12-23 20:20:23', 0),
(374, 'John', 'Handballer', 'Jonathan33333pul', 'D8903A045B12CB485A2EB9001F6677001F72A3746EBA3C6889F018C8DD225DA04954218CC08253E8B0B63B6C05B419C0DF1208A056B6E9A8754A4E145F2AAE80', 16250, 0, 0, 0, 0, 0, '2021-12-23 20:20:43', 0, 0, 0, 12, 165, 0, 79, 67, 0, 0, '2021-12-23 20:20:43', 0),
(375, '1312', '1234', 'Danakhi', 'D8903A045B5807F0AFDCF2B8795077001F726AACC636F7C8BBF018C8DD229C20DECE0218224EA8E8B0B63BE84344FF30A37608A056B6E9E039CCED283E36EC40', 5500, 0, 0, 0, 0, 0, '2021-12-23 20:30:11', 0, 0, 0, 2, 25, 0, 2, 6, 0, 0, '2021-12-23 20:30:11', 0),
(376, 'Mendosa', '2703gvmp', 'MJMendosa', 'D8903A045B8E1C08D3003A089838B310B9D0AC5CDBD6875018500A1C43C67C205B008A18D8986BA891900C6443EE1FA05810DA342BFEDC38E300DA2818568680', 27250, 0, 0, 0, 0, 0, '2021-12-23 20:36:48', 0, 0, 0, 17, 25, 0, 89, 59, 0, 0, '2021-12-23 20:36:48', 0),
(377, 'marcos', '1234', 'giwveee', 'D8903A045B4C513867461ECCD4F83AA0B972573433709B98BBF018C8DD225EE0E7BEF5A875587CF0BABA3BBC35025870417608A056B6E9706F9615A432747A00', 8250, 0, 0, 0, 0, 0, '2021-12-23 20:39:14', 0, 0, 0, 6, 50, 0, 13, 29, 0, 0, '2021-12-23 20:39:14', 0),
(378, 'Michi', 'volvo699', '420Michi', 'D8903A045B4620E8D2DAB9101A18A3B075061EE4873CFD9818500A1C435E20A002B2C1304AF8DBB8ED0E0E5C8FAC05305810DA342B762058328AC9507A2E6E40', 8750, 0, 0, 0, 0, 0, '2021-12-23 20:46:28', 0, 0, 0, 7, 0, 0, 15, 16, 0, 0, '2021-12-23 20:46:28', 0),
(379, 'Tyler_Davis', 'Gta1', 'kicker2015', 'D8903A045B0607F800C4BB94EA26A410B91857D4ADBA259857F018C8DD221F20FF002E64B3AC3360D9BA64BC9D3E199041AE08A056B6E938390600980DC27AC0', 5000, 0, 0, 0, 0, 0, '2021-12-23 20:47:17', 0, 0, 0, 1, 0, 0, 0, 0, 0, 0, '2021-12-23 20:47:17', 0),
(380, 'Ballencallen', '123456789', 'Noob123a', 'D8903A045B580BC859207114BF3468001F3C57D4F00A9B200CF018C8DD229CA019C2702C13425AC0B0B6BABC9DA0A1704C1808A056B6E9E0356A2BC0E7FACD00', 8000, 0, 0, 0, 0, 0, '2021-12-23 20:51:44', 0, 0, 0, 6, 25, 0, 12, 45, 0, 0, '2021-12-23 20:51:44', 0),
(381, 'Mogli_Grassi', '1234', 'Diegoo132', 'D8903A045BAC6D30EECEF53068424810B906BFBC1ECEA13818500A1C435C75C0BE56DD90286A88A8910E3704AEC649705810DA342B0C7D508EDEC5F0E8F02B80', 32000, 0, 0, 0, 0, 0, '2021-12-23 20:51:49', 0, 0, 0, 18, 225, 0, 108, 46, 0, 0, '2021-12-23 20:51:49', 0),
(382, 'gustaf', '1234', 'gustaf_player', 'D8903A045BE2F9304C98D7504A464A001F847DC05D9C5620A2F018C8DD2265E0C6581434CCECC370B0B66614705EB6E04C4408A056B6E9E8C75C649091AC1440', 5250, 0, 0, 0, 0, 0, '2021-12-23 20:52:22', 0, 0, 0, 2, 0, 0, 1, 9, 0, 0, '2021-12-23 20:52:22', 0),
(383, 'EmreCorleone', '1234', 'RobertMRK0', 'D8903A045B76667831F616ACBFAC2C001F9657FC447881E0A2F018C8DD223740CFF2DD48FD421620B0B691BCF7588C50D44408A056B6E9F81A26B3C47A2EC900', 12750, 0, 0, 0, 0, 0, '2021-12-23 20:57:08', 0, 0, 0, 15, 135, 0, 89, 36, 0, 0, '2021-12-23 20:57:08', 0),
(384, 'Arda795', 'Arda795', 'Arda46daughter', 'E7EE3C9CF01A5E90CB12FA682712897054BE90AC1A4C95F87E0C51242BF26CE0303ED6085FDE02B07B36CD748402D0D092C429C48654A5486FF69C2470C0BD00', 13000, 0, 0, 0, 0, 0, '2021-12-23 21:04:09', 0, 0, 0, 8, 100, 0, 32, 45, 0, 0, '2021-12-23 21:04:09', 0),
(385, 'notstaubiii', 'danuel102030', 'Notstaubiii', 'D8903A045B703C981A8A8DD06D00A4001F2A6AC076604B40884C5B6448B86D40E16EB4A400285058358C1028D096A8805EB26D20344266384F98DB00ACB8F080', 5000, 0, 0, 0, 0, 0, '2021-12-23 21:05:29', 0, 0, 0, 1, 0, 0, 0, 8, 0, 0, '2021-12-23 21:05:29', 0),
(386, 'xucurrr', '1111', 'xucuyy', 'D8903A045BA0C878670687387162A5B07518A3C059A40EB0A2F018C8DD221000EFBE9574825E11B8E312646C7086EA60724408A056B6E9803866152461AC8E80', 5250, 0, 0, 0, 0, 0, '2021-12-23 21:08:42', 0, 0, 0, 1, 5, 0, 1, 1, 0, 0, '2021-12-23 21:08:42', 0),
(387, 'Aquartix', 'Ti30no06x', 'Tinox306', 'D8903A045B1277F0E1E65568864295B0752A0B20C6B2E08057F018C8DD225D20DE52255C56748138E3128F0C0844E50010AE08A056B6E9A8C9CCC3646344B580', 7250, 0, 0, 1, 0, 0, '2021-12-24 23:30:58', 0, 1, 0, 19, 10, 0, 77, 81, 0, 0, '2021-12-23 21:16:28', 0),
(388, 'Pac_', '1234', 'IBraxton_', 'D8903A045BACD6D070EC169CF7EE0D001F845710DBC8B2F03EF018C8DD224E403AE0BA48E1D29778B0B666BC247214A0EA7C08A056B6E9F0AAA450887A640000', 9250, 0, 0, 0, 0, 0, '2021-12-23 21:18:52', 0, 0, 0, 6, 65, 0, 17, 45, 0, 0, '2021-12-23 21:18:52', 0),
(389, 'Mehdi', '1234', 'Mechti02', 'DBB67F5429FEFDB0EEDCD9BC49A0B2E01F681370F7D223F8CDA219E8C69435A0CD604A78CBF827E013EEC79C714635209E4C91845120E21077883B502F0AE5C0', 1250, 0, 0, 0, 0, 0, '2021-12-23 21:26:13', 0, 0, 4, 13, 100, 0, 63, 46, 17, 1, '2021-12-23 21:26:13', 0),
(390, 'Eviecer', 'Ern8167gs', 'BeyinsizKedi', 'D8903A045BFA93B0D3CA5314091CD2B075F45720B10A9B9889F018C8DD22E1A0D656C384132E4E30E3120EBC0816A170411208A056B6E9C8ADFCD9BCB538D980', 5000, 0, 0, 0, 0, 0, '2021-12-23 21:26:18', 0, 0, 0, 1, 0, 0, 0, 0, 0, 0, '2021-12-23 21:26:18', 0),
(391, 'Ivan', 'nik8laus', 'misterBusfahrer', 'D8903A045B82386009B0A0E0239A1C001F60A310C6B211A80CF018C8DD2275008C22E880887AADA0B0B6106C2444E550571808A056B6E968C8B83B206030E540', 6750, 0, 0, 0, 0, 0, '2021-12-23 21:26:52', 0, 0, 0, 4, 25, 0, 7, 15, 0, 0, '2021-12-23 21:26:52', 0),
(392, 'Devin', 'Devin230279', 'Vagos-Por-Vida', 'D8903A045B345FB08FE87478A1901D10B9E273F8B1B2E0380CF018C8DD22E220B68E2CF032FEC8F8D9BAE3ACAE16E5007D1808A056B6E990E1BC8D706C0A9EC0', 4250, 0, 0, 0, 0, 0, '2021-12-23 21:30:22', 0, 0, 4, 5, 40, 0, 21, 28, 0, 0, '2021-12-23 21:30:22', 0),
(393, 'x280', '1234', 'EvoxxOfficial', 'DBB67F5429FEFDB81B361034635ADF10961C8570F7D223F8CDA2190457A2D0E00FB6B3E4CE7411E013EEC79C71463550930E908CBB1287B806CC9D502F0AE5C0', 6000, 0, 0, 0, 0, 0, '2021-12-23 21:33:53', 0, 0, 0, 2, 0, 0, 4, 3, 0, 0, '2021-12-23 21:33:53', 0),
(394, 'King_David', '1234', '079_Cracky', 'D8903A045BF407E0D85A766C680AFFB075E26A709CDE3FF057F018C8DD22C2209C303BC84D30E5A8E312E3E8BCE843B0EAAE08A056B6E9903958881C1A9AC100', 9250, 0, 0, 0, 0, 0, '2021-12-23 21:35:29', 0, 0, 4, 13, 150, 0, 51, 105, 17, 1, '2021-12-23 21:35:29', 0),
(395, 'sexmitkindern', '1111', 'Infinity9802', 'D8903A045B2EDA08C55621C4BF8C95001F84A34C98A43C9857F018C8DD22C3C0015AAD6C47428638B0B6666CAB10EAC041AE08A056B6E958A6FAEF04B7F81040', 5000, 0, 0, 1, 0, 0, '2021-12-23 22:00:38', 0, 0, 0, 1, 0, 0, 0, 0, 0, 0, '2021-12-23 21:59:42', 0),
(396, 'Jannis', '1234', 'RaylexIstStark', 'D8903A045BF4C4C87ECE03347E7E9510B9F4ACA872443F38F3F018C8DD22C28039DC51C48B845F38D9BA0E30FA8CFAB07DE608A056B6E9903CAA3AD48510D500', 5750, 0, 0, 0, 0, 0, '2021-12-23 22:07:24', 0, 0, 0, 2, 0, 0, 3, 12, 19, 1, '2021-12-23 22:07:24', 0),
(397, 'Eric', '1234', 'CoDaZz_', 'D8903A045B6A4A402CE4C11C41A41C10B9180B84F09C56C0F3F018C8DD22F9C0E8189EEC41BE92A0D9BA640CE9A0B6E088E608A056B6E9883690045817664F00', 15000, 0, 0, 1, 0, 0, '2021-12-24 00:15:40', 0, 0, 0, 13, 50, 0, 40, 57, 0, 0, '2021-12-23 23:24:33', 0),
(398, 'naru', '1234', 'xCarti_', 'D8903A045B58DD204C243A584EDC2B001F4EE5205D2E5620DAF018C8DD229C608458FE78FAE42EC8B0B6E5B4085ECBE04CB408A056B6E9E0E3E864D8B65E4FC0', 8750, 0, 0, 0, 0, 0, '2021-12-23 23:25:08', 0, 0, 0, 3, 30, 0, 15, 16, 0, 0, '2021-12-23 23:25:08', 0),
(399, 'Leon', '1234', 'Maxiistcool123', 'D8903A045BAC3F40F778843893A42B10B9D0F8F872B228203EF018C8DD224E2008DEA4B0C29A92C8D9BAB8E0AE8CE5804C7C08A056B6E9F001D0C5D0DC0E76C0', 5000, 0, 0, 0, 0, 0, '2021-12-23 23:48:10', 0, 0, 0, 1, 0, 0, 0, 0, 0, 0, '2021-12-23 23:48:10', 0),
(400, 'KezZO', 'Holga1234', 'WASGEHTEINMAL', 'D8903A045B88BA88B366031CF32659001F4EF80CA002110889F018C8DD2294C0111665C441DA3398B0B6E5E0DBC06D501B1208A056B6E9A0C69A7964858C0800', 3750, 0, 0, 0, 0, 0, '2021-12-23 23:51:28', 0, 0, 0, 5, 0, 0, 5, 5, 0, 0, '2021-12-23 23:51:28', 0),
(401, 'Hans_Huan', '12345678', 'Tony_vIfrodo', 'D8903A045B7027E88B24C980AE4677001F4E1E3433C8B2B0BBF018C8DD2218209D46FE4C6024C3E8B0B6E538350214A0727608A056B6E9C0195201D8CFEA6380', 5750, 0, 0, 1, 0, 0, '2021-12-24 00:22:42', 0, 0, 0, 4, 0, 0, 3, 10, 0, 0, '2021-12-24 00:10:08', 0),
(402, 'Aiden', 'lasvegas2006', 'daslexoo', 'D8903A045B124D48A2A0B0280DE42C10B91857C02FDE3FC0F3F018C8DD225D60496430406626B220D9BA64BC702A43B088E608A056B6E9A8734A26C0D0844300', 6500, 0, 0, 0, 0, 0, '2021-12-24 00:13:31', 0, 0, 0, 7, 0, 0, 6, 20, 19, 1, '2021-12-24 00:13:31', 0),
(403, 'Filip', '123456789', 'ProjecT_Filip', 'D8903A045BA6AC8867CA87D441C049001F7290AC9CF48480A2F018C8DD222F8031BEC37463BEE018B0B63B4043E87240104408A056B6E9B854DA15BC613892C0', 11500, 0, 0, 0, 0, 0, '2021-12-24 00:15:43', 0, 0, 0, 17, 250, 0, 26, 37, 0, 0, '2021-12-24 00:15:43', 0),
(404, 'Lefty', 'Lewtie2138', 'Lewtie_', 'D8903A045B822A18CF2C422482FC67B075F43120339C5620A2F018C8DD2275C0830E1AD86F7CBE68E3120E640802B6E04C4408A056B6E96856EE4D086E5657C0', 5000, 0, 0, 0, 0, 0, '2021-12-24 00:18:42', 0, 0, 0, 1, 0, 0, 0, 0, 0, 0, '2021-12-24 00:18:42', 0),
(405, 'Yavsak', 'Hallo1234', 'AGENT_MANZARAKz', 'D8903A045BA654906756B6980DC4C210B9F431481A369B803EF018C8DD222F8052BEADC8AA2622B0D9BA0E6462FCFF70107C08A056B6E9B8AC141504DA30CD80', 4000, 0, 0, 0, 0, 0, '2021-12-24 00:19:57', 0, 0, 0, 5, 0, 0, 6, 20, 0, 0, '2021-12-24 00:19:57', 0),
(406, 'FenasiKerim', '123456a', 'Artvinli8908', 'E2B8AFFC50E43B88B0E0054C223E58A0BA44F6A80CAEE980B6922B407082EF404950BEA89AEC6E60ADD6B088E9CED000FF925E5448DC96F0E234B4ACC3103B80', 5250, 0, 0, 0, 0, 0, '2021-12-24 00:21:34', 0, 0, 0, 2, 0, 0, 1, 4, 0, 0, '2021-12-24 00:21:34', 0),
(407, 'orbital', 'deinvater', 'GibDochOrbi', 'D8903A045B3ABAF8B34C5E148B2AC2001F606AD4C694145018500A1C4322CAE03B9CCE3CB372928087E0BA6C166434A05810DA342B0ADAC8C3EC3E64DB18C580', 5250, 0, 0, 0, 0, 0, '2021-12-24 01:42:17', 0, 0, 0, 1, 5, 0, 1, 0, 0, 0, '2021-12-24 01:42:17', 0),
(408, 'Ramo', 'midnight', 'Ionut8766', 'D8903A045B4612D8FF2AF004B27E49B075D01EE4728628200CF018C8DD223FC03B6E9340F71C5F18E312B838818C87804C1808A056B6E9386E9EDDFC9002E500', 7000, 0, 0, 0, 0, 0, '2021-12-24 01:44:57', 0, 0, 0, 2, 25, 0, 8, 4, 0, 0, '2021-12-24 01:44:57', 0),
(409, 'trxixx', '1512', 'zLoveGTA_V_5', 'D8903A045BA0A58086EECF404EB248001F4EF8985DDEF750A2F018C8DD221060F06CC1D4B0E4B9C0B0B6E5E0165E4330AE4408A056B6E9801B605294D948A240', 5000, 0, 0, 0, 0, 0, '2021-12-24 01:45:58', 0, 0, 0, 1, 0, 0, 0, 0, 0, 0, '2021-12-24 01:45:58', 0),
(410, 'Destryn____', 'Lucat_1234', 'ImLucax08', 'D8903A045B9A5F18C15AEF5CBA9677B075186A841AF49B3825F018C8DD22F12063123B54310C6BE8E31264E8E9FC72707D4A08A056B6E948E1AE631CB9822F80', 2500, 0, 0, 0, 0, 0, '2021-12-24 10:01:05', 0, 0, 0, 1, 0, 0, 0, 0, 0, 0, '2021-12-24 10:01:05', 0),
(411, 'Wilen', 'Wilen4575', 'wilen_exe', 'D8903A045BF4BDB8EECE0384A0EA2A001F4E90FC9C9CFA900CF018C8DD22C260F7BC51C497C05570B0B6E540F7E8B620261808A056B6E99003368AD4854E86C0', 11250, 0, 0, 0, 0, 0, '2021-12-24 12:04:03', 0, 0, 0, 4, 35, 0, 25, 28, 0, 0, '2021-12-24 12:04:03', 0),
(412, 'BrettDuRolle', '11223344', 'XDX666lio', 'D8903A045B943F6824FA2174D4B24810B9E299E45D706D0825F018C8DD22D220AD886B6C7B58B9C0D9BAE304815E58101B4A08A056B6E91001F2ECDCB7AA0440', 9750, 0, 0, 0, 0, 0, '2021-12-24 12:11:48', 0, 0, 0, 7, 0, 0, 19, 18, 0, 0, '2021-12-24 12:11:48', 0),
(413, 'Pirat543', '1234', 'YTPirat543', 'D8903A045B6AA568A692F8ECCC18FD001F967D3859A481C8BBF018C8DD22F960ADAC7FA0AD680CF8B0B691147E86EA50A37608A056B6E9881BF2B26C48CC67C0', 5000, 0, 0, 0, 0, 0, '2021-12-24 12:51:04', 0, 0, 0, 1, 0, 0, 0, 0, 0, 0, '2021-12-24 12:51:04', 0),
(414, 'Nash', '1234', 'CvetkoK', 'D8903A045B6A20483EE819404E2AB3B075E21E841A8E539889F018C8DD22F900095C2C0CB0E47588E312E338E9FCBBF0411208A056B6E988E0CA7A70FFA44F00', 7000, 0, 0, 0, 0, 0, '2021-12-24 14:02:17', 0, 0, 0, 2, 25, 0, 8, 3, 0, 0, '2021-12-24 14:02:17', 0),
(415, '12345', '1234', 'Julianooo_', 'D8903A045B9AC890D3CE7CBC98620D10B9E21E34B19CFAD8F3F018C8DD22F1005256515019D01178D9BAE3383516B620B9E608A056B6E9483814D9D424B45B80', 1000, 0, 0, 0, 0, 0, '2021-12-24 14:15:40', 0, 0, 0, 4, 0, 0, 18, 32, 0, 0, '2021-12-24 14:15:40', 0),
(416, 'Jake', 'reapermeaper12', 'CTZN-E2', 'D8903A045B9431904CC08D44CC18B2B075E2579859E66AE0A2F018C8DD22D2E05258A0FCA7680C30E312E3BC16867720D44408A056B6E9108F1464806B70AA00', 7500, 0, 0, 0, 0, 0, '2021-12-24 14:24:03', 0, 0, 0, 3, 5, 0, 10, 4, 0, 0, '2021-12-24 14:24:03', 0),
(417, 'Jaron', '2402Jaron', 'Zedi24', 'D8903A045BA062E01B968F546CA4E010412AD248093C2B3818500A1C4320B28063FEC7FC0C74E0A8D962623881AC63705810DA342BA00220AB66FFA4ACA24380', 29250, 0, 0, 0, 0, 0, '2021-12-24 14:34:38', 0, 0, 0, 17, 0, 0, 97, 110, 0, 0, '2021-12-24 14:34:38', 0),
(418, 'Chicko_Ahua', 'Chicko', 'iLuvEmre', 'D8903A045B0C704851881664C3C0FE10B9AC7380B9B01D40884C5B643AE0F7207444391CA00C7768166A609C683AA8805EB26D6850A6EF60720E75801AB8F080', 5500, 0, 0, 0, 0, 0, '2021-12-24 14:50:12', 0, 0, 0, 2, 25, 0, 2, 6, 0, 0, '2021-12-24 14:50:12', 0),
(419, 'oldery', '102807zm', 'oldery01', 'DBC67C648806C4584DA4D9107D9287B04666D990CDF017A033C26EB4FCBEB1205B8CF1ECA43658287C0E37388FE8FFD0B906D27CFFB89FC03958E9AC02360800', 5000, 0, 0, 0, 0, 0, '2021-12-24 15:28:12', 0, 0, 0, 1, 0, 0, 0, 0, 0, 0, '2021-12-24 15:28:12', 0),
(420, 'Luxx33', 'WM2018ru', 'Luis_1337', '0F66A58C415A3110B99AD9B02268B2F0FFFC1DFC83022B68AF742B7CDF381680EEFE0DF82B92617815762DD89D5EE5C00A982A0C1BF439283FEEFF84AB082F80', 25500, 0, 0, 0, 0, 0, '2021-12-24 15:35:52', 0, 0, 0, 12, 60, 0, 82, 75, 0, 0, '2021-12-24 15:35:52', 0),
(421, 'Baastos', 'Nedji2006', 'Mathieupruski', 'DEC6E2046E02034071AEE4F8D0D610E0134C13B8872E98D833786EC0A920E260B622020C59F03FB80CE4B07C30E4AD20314C918448A63DA05AA04F40E6C4A280', 6250, 0, 0, 0, 0, 0, '2021-12-24 15:39:42', 0, 0, 0, 6, 80, 0, 15, 27, 0, 0, '2021-12-24 15:39:42', 0),
(422, 'votex', 'VoTeX_00', 'VoTeX_00', 'D8903A045B00A1B0998CD194385E9510B9064498F0B211A8F3F018C8DD2200E0F642EAACB390CF38D9BA399016A0E55057E608A056B6E9001F3CEB4887003300', 13750, 0, 0, 0, 0, 0, '2021-12-24 15:44:34', 0, 0, 0, 6, 35, 0, 35, 76, 0, 0, '2021-12-24 15:44:34', 0),
(423, '7Lyx', 'FeeOdin12', 'klxckz', 'D8903A045B5E6648E01A955C1AFC1B001F6044C0F0623CC8A2F018C8DD22BB4029C0DB5CF14CBE48B0B6109070A05DC0A34408A056B6E9181A0AA09C236863C0', 15750, 0, 0, 0, 0, 0, '2021-12-24 22:54:52', 0, 0, 7, 16, 0, 0, 43, 29, 0, 0, '2021-12-24 22:54:52', 0),
(424, 'Ali_Weyz', '1234', 'alidertriade', 'D8903A045BFA93E0EEDE32E00D4258B075E2575C050A84380CF018C8DD22E1A09CBC091888268140E312E3BC8FCEA1407D1808A056B6E9C8AD588A34FE0A5F40', 25000, 0, 0, 0, 0, 0, '2021-12-24 22:56:31', 0, 0, 0, 15, 60, 0, 61, 44, 0, 0, '2021-12-24 22:56:31', 0),
(425, 'Yureaq', 'Shabab123', 'AmoKriminell', 'D8903A045BE885E89DC450581E0A1C10B9E2BFF81E5A28D857F018C8DD228460BD8A2EC0FA44E5A0D9BAE35CAED42980B9AE08A056B6E9203B927798309C7E40', 21500, 0, 0, 0, 0, 0, '2021-12-24 22:57:06', 0, 0, 0, 14, 150, 0, 66, 31, 0, 0, '2021-12-24 22:57:06', 0),
(426, 'vfluencer', 'Lennox', 'MolloHD', '315690A4F55049A88C9AE4BC3C5A940041A8DC6005B250D8C9B0F5CCFCCE54A0ACB604C015B8ECC0D90E100C9D10A1F06C02C4841C127480E9C8FC20ADDE0F40', 30250, 0, 0, 0, 0, 0, '2021-12-24 22:58:37', 0, 0, 0, 18, 215, 0, 111, 36, 0, 0, '2021-12-24 22:58:37', 0),
(427, 'kaan089', 'kaan187x', 'nefiboy80', 'BC922E7C00363B608CD6D9BC2F76B230529E5FA86C46B6E800EABFD0FC8235A08BFA4A2C3A6AC3501CFA3E54009E43406C2E9184E77EE228223627F8CC884400', 5000, 0, 0, 0, 0, 0, '2021-12-24 23:03:42', 0, 0, 0, 1, 0, 0, 0, 0, 0, 0, '2021-12-24 23:03:42', 0),
(428, 'Simon', '1234', 'Simoun76', 'C798B894B54E07E08372EF1C49A085D078C0C5F008AEA73819D8890C194673008BBAE880C34858C899222BD08FA643709D6091A45840C1A0A8E28B0C3D840840', 5000, 0, 0, 0, 0, 0, '2021-12-24 23:03:59', 0, 0, 0, 1, 0, 0, 0, 0, 0, 0, '2021-12-24 23:03:59', 0),
(429, 'Trey_Weyz', 'Anton12045', 'zenoxx1', 'D8903A045B8889703AA2D7B034EA2A001F84C9882F8EF738BBF018C8DD2294E0CE143734F4985570B0B666C4322ABB307D7608A056B6E9A0372CEECC91DCA2C0', 19500, 0, 0, 0, 0, 0, '2021-12-24 23:04:37', 0, 0, 0, 13, 125, 0, 58, 53, 0, 0, '2021-12-24 23:04:37', 0),
(430, 'Oxanbillah', 'Kilian100', 'JustintheDragon7', 'D8903A045B82C8D8671EE758E5D8C1A0B94EB6102F8E2598A2F018C8DD2275005BBE69F43A76EC58BABAE598242ABB90414408A056B6E96838DE15B401446EC0', 7250, 0, 0, 0, 0, 0, '2021-12-24 23:19:50', 0, 0, 0, 11, 100, 0, 43, 23, 0, 0, '2021-12-24 23:19:50', 0),
(431, 'Daytona', 'Tim3', 'Pizza___', 'D8903A045BA6694836BA8774D90A1DB0752A0B5C059CC920F3F018C8DD222FE049CC0B743B8EE5F8E3128F0C8FCEB6D04CE608A056B6E9B8574A625C61F28E80', 5750, 0, 0, 0, 0, 0, '2021-12-24 23:43:22', 0, 0, 0, 3, 0, 0, 3, 6, 0, 0, '2021-12-24 23:43:22', 0),
(432, 'Nikolai_Drafter', 'Lukas1511', 'jiggi436', 'D8903A045B0638703F0A08FC2B340EB0752AA3986E78F7C870F018C8DD221F00CEEE2360096A5AD0E3128F6C16B48C30A3E008A056B6E938C82C9D3CB8443380', 5000, 0, 0, 0, 0, 0, '2021-12-24 23:46:12', 0, 0, 0, 1, 0, 0, 0, 1, 0, 0, '2021-12-24 23:46:12', 0);

-- --------------------------------------------------------

--
-- Tabellenstruktur für Tabelle `admin_logs`
--

CREATE TABLE `admin_logs` (
  `id` int(11) NOT NULL,
  `accountId` int(11) NOT NULL,
  `targetId` int(11) NOT NULL,
  `action` varchar(128) NOT NULL,
  `description` varchar(128) NOT NULL,
  `timestamp` timestamp NOT NULL DEFAULT current_timestamp() ON UPDATE current_timestamp()
) ENGINE=InnoDB DEFAULT CHARSET=utf8mb4;

--
-- Daten für Tabelle `admin_logs`
--

INSERT INTO `admin_logs` (`id`, `accountId`, `targetId`, `action`, `description`, `timestamp`) VALUES
(4, 2, 2, 'resethwid', 'Hardware-ID von 2 zurückgesetzt.', '2021-12-09 15:39:15'),
(5, 9, 2, 'ban', 'Kevin_Weiss hat Tim_Woke gebannt. Grund: komm fortnite', '2021-12-11 19:07:11'),
(6, 2, 11, 'kick', 'Tim_Woke hat Nick_Woke gekickt. Grund: du hund', '2021-12-12 00:21:08'),
(7, 1, 3, 'ban', 'Tim_woke hat Kellerkind gebannt. Grund: F', '2021-12-16 17:15:18'),
(8, 1, 4, 'ban', 'Tim_woke hat Kellerkind2 gebannt. Grund: F', '2021-12-16 17:15:22'),
(9, 1, 10, 'ban', 'Tim_woke hat cursxd gebannt. Grund: du hund', '2021-12-17 18:33:32'),
(10, 1, 11, 'ban', 'Tim_woke hat Raidex gebannt. Grund: du hs', '2021-12-17 18:35:06'),
(11, 8, 16, 'warn', 'Nick_Woke hat awde verwarnt.', '2021-12-17 18:49:19'),
(12, 8, 16, 'ban', 'Nick_Woke hat awde gebannt. Grund: Cheating du HS', '2021-12-17 18:50:17'),
(13, 6, 6, 'kick', 'Moinmex hat Moinmex gekickt. Grund: test', '2021-12-17 18:51:25'),
(14, 8, 1, 'ban', 'Nick_Woke hat Tim_woke gebannt. Grund: HS', '2021-12-17 18:51:44'),
(15, 8, 1, 'unban', 'Nick_Woke hat die Spieler-ID (1) entbannt.', '2021-12-17 18:52:04'),
(16, 1, 8, 'ban', 'Tim_woke hat Nick_Woke gebannt. Grund: hs', '2021-12-17 18:52:18'),
(17, 1, 8, 'unban', 'Tim_woke hat die Spieler-ID (8) entbannt.', '2021-12-17 18:52:26'),
(18, 6, 6, 'warn', 'Moinmex hat Moinmex verwarnt.', '2021-12-17 18:57:43'),
(19, 1, 23, 'kick', 'Tim_woke hat 1234 gekickt. Grund: du', '2021-12-18 21:01:45'),
(20, 8, 20, 'ban', 'Nick_Woke hat Pirat543 gebannt. Grund: Cheating', '2021-12-18 21:05:02'),
(21, 8, 34, 'warn', 'Nick_Woke hat Raider_Shabab verwarnt.', '2021-12-18 21:59:15'),
(22, 8, 37, 'kick', 'Nick_Woke hat Kilianbtw gekickt. Grund: aufnahmepflicht', '2021-12-18 22:04:22'),
(23, 8, 34, 'kick', 'Nick_Woke hat Raider_Shabab gekickt. Grund: Aufnahmepflicht', '2021-12-18 22:06:05'),
(24, 8, 40, 'kick', 'Nick_Woke hat DerCrizzly gekickt. Grund: Spawntrapping', '2021-12-18 22:11:23'),
(25, 6, 37, 'ban', 'Moinmex hat Kilianbtw gebannt. Grund: chaet', '2021-12-18 22:11:33'),
(26, 8, 31, 'kick', 'Nick_Woke hat Arian89 gekickt. Grund: Buzzard Fliegen', '2021-12-18 22:12:56'),
(27, 8, 29, 'kick', 'Nick_Woke hat Blue_Back gekickt. Grund: Spawntrapping', '2021-12-18 22:15:32'),
(28, 8, 40, 'kick', 'Nick_Woke hat DerCrizzly gekickt. Grund: Spawntrappinfg', '2021-12-18 22:16:11'),
(29, 8, 30, 'kick', 'Nick_Woke hat Orsiris gekickt. Grund: Spawntrapping', '2021-12-18 22:16:32'),
(30, 8, 41, 'ban', 'Nick_Woke hat FlaxFanboy gebannt. Grund: Cheating', '2021-12-18 22:17:57'),
(31, 1, 1, 'kick', 'Tim_woke hat Tim_woke gekickt. Grund: vdm', '2021-12-18 22:20:40'),
(32, 8, 40, 'ban', 'Nick_Woke hat DerCrizzly gebannt. Grund: cheating', '2021-12-18 22:21:43'),
(33, 8, 42, 'kick', 'Nick_Woke hat Redfox gekickt. Grund: Teamkilling', '2021-12-18 22:26:54'),
(34, 8, 29, 'kick', 'Nick_Woke hat Blue_Back gekickt. Grund: Bugusing', '2021-12-18 22:27:22'),
(35, 21, 25, 'kick', 'Tj_Woke hat Andre_White gekickt. Grund: temakilling', '2021-12-18 22:27:45'),
(36, 24, 39, 'ban', 'Justin_Woke hat Diego_Vazquez gebannt. Grund: cheating', '2021-12-18 22:28:43'),
(37, 24, 43, 'kick', 'Justin_Woke hat LamarMay gekickt. Grund: baiseraid', '2021-12-18 22:30:01'),
(38, 1, 12, 'kick', 'Tim_woke hat KEKO gekickt. Grund: vdm', '2021-12-18 22:32:19'),
(39, 6, 44, 'kick', 'Moinmex hat Kamarz gekickt. Grund: Base Raid', '2021-12-18 22:34:59'),
(40, 21, 45, 'kick', 'Tj_Woke hat Saiyansc gekickt. Grund: Baseraid', '2021-12-18 22:35:48'),
(41, 21, 38, 'kick', 'Tj_Woke hat baran55 gekickt. Grund: baiseraid', '2021-12-18 22:36:07'),
(42, 6, 49, 'ban', 'Moinmex hat Duchess gebannt. Grund: hacks', '2021-12-18 22:49:29'),
(43, 8, 45, 'ban', 'Nick_Woke hat Saiyansc gebannt. Grund: Cheating', '2021-12-18 22:55:31'),
(44, 8, 53, 'kick', 'Nick_Woke hat Skitz gekickt. Grund: Chat beleidigung', '2021-12-18 23:00:50'),
(45, 8, 54, 'kick', 'Nick_Woke hat roxie gekickt. Grund: keine Beleidigung im Chat', '2021-12-18 23:01:32'),
(46, 6, 52, 'kick', 'Moinmex hat Beqsss gekickt. Grund: aufnahmepflicht', '2021-12-18 23:03:36'),
(47, 8, 49, 'unban', 'Nick_Woke hat die Spieler-ID (49) entbannt.', '2021-12-18 23:05:56'),
(48, 35, 56, 'kick', '7Lyx hat pashe_ gekickt. Grund: aufnahmepflicht', '2021-12-18 23:10:48'),
(49, 6, 53, 'kick', 'Moinmex hat Skitz gekickt. Grund: baseraid', '2021-12-18 23:19:10'),
(50, 35, 56, 'kick', '7Lyx hat pashe_ gekickt. Grund: driveby', '2021-12-18 23:22:43'),
(51, 8, 62, 'kick', 'Nick_Woke hat Kianush gekickt. Grund: Spawntrapping', '2021-12-18 23:24:46'),
(52, 8, 62, 'kick', 'Nick_Woke hat Kianush gekickt. Grund: Driveby', '2021-12-18 23:26:55'),
(53, 8, 56, 'kick', 'Nick_Woke hat pashe_ gekickt. Grund: keien Beleidigung im Chat', '2021-12-18 23:27:13'),
(54, 8, 56, 'kick', 'Nick_Woke hat pashe_ gekickt. Grund: benimm dich', '2021-12-18 23:28:30'),
(55, 8, 62, 'ban', 'Nick_Woke hat Kianush gebannt. Grund: Karma', '2021-12-18 23:30:21'),
(56, 8, 56, 'kick', 'Nick_Woke hat pashe_ gekickt. Grund: driveby', '2021-12-18 23:30:46'),
(57, 6, 53, 'warn', 'Moinmex hat Skitz verwarnt.', '2021-12-18 23:34:57'),
(58, 8, 53, 'kick', 'Nick_Woke hat Skitz gekickt. Grund: vdm', '2021-12-18 23:45:47'),
(59, 8, 43, 'kick', 'Nick_Woke hat LamarMay gekickt. Grund: VDM', '2021-12-18 23:46:28'),
(60, 35, 66, 'kick', '7Lyx hat Noah gekickt. Grund: team killing', '2021-12-18 23:47:14'),
(61, 35, 7, 'kick', '7Lyx hat Alpha gekickt. Grund: Aufnahme pflicht', '2021-12-19 00:02:56'),
(62, 49, 7, 'kick', 'Duchess hat Alpha gekickt. Grund: Teamkill', '2021-12-19 00:12:28'),
(63, 35, 7, 'kick', '7Lyx hat Alpha gekickt. Grund: team kill', '2021-12-19 00:12:32'),
(64, 49, 35, 'kick', 'Duchess hat 7Lyx gekickt. Grund: Absichtliches VDM', '2021-12-19 00:15:49'),
(65, 6, 71, 'warn', 'Moinmex hat Toni verwarnt.', '2021-12-19 00:28:15'),
(66, 8, 74, 'kick', 'Nick_Woke hat Ferox gekickt. Grund: vdm', '2021-12-19 00:45:32'),
(67, 8, 35, 'kick', 'Nick_Woke hat 7Lyx gekickt. Grund: raff dich', '2021-12-19 00:49:01'),
(68, 8, 76, 'ban', 'Nick_Woke hat finnnn gebannt. Grund: cheating', '2021-12-19 01:04:51'),
(69, 13, 13, 'kick', 'Smoliii hat Smoliii gekickt. Grund: hs', '2021-12-19 01:45:48'),
(70, 6, 78, 'kick', 'Moinmex hat Ramin gekickt. Grund: driveby', '2021-12-19 02:04:24'),
(71, 6, 78, 'kick', 'Moinmex hat Ramin gekickt. Grund: drivby', '2021-12-19 02:59:47'),
(72, 6, 78, 'warn', 'Moinmex hat Ramin verwarnt.', '2021-12-19 03:09:28'),
(73, 6, 78, 'ban', 'Moinmex hat Ramin gebannt. Grund: drivby', '2021-12-19 03:09:42'),
(74, 6, 80, 'ban', 'Moinmex hat greenp gebannt. Grund: hacks', '2021-12-19 03:17:13'),
(75, 35, 12, 'kick', '7Lyx hat KEKO gekickt. Grund: vdm', '2021-12-19 10:29:24'),
(76, 1, 35, 'kick', 'Tim_woke hat 7Lyx gekickt. Grund: team  kill', '2021-12-19 11:02:44'),
(77, 8, 83, 'kick', 'Nick_Woke hat Sidan_Miller gekickt. Grund: VDM', '2021-12-19 11:33:49'),
(78, 35, 87, 'warn', '7Lyx hat Moncler verwarnt.', '2021-12-19 11:45:35'),
(79, 21, 87, 'warn', 'Tj_Woke hat Moncler verwarnt.', '2021-12-19 11:45:42'),
(80, 21, 87, 'kick', 'Tj_Woke hat Moncler gekickt. Grund: Aufnahme vorzeigen', '2021-12-19 11:49:05'),
(81, 35, 87, 'kick', '7Lyx hat Moncler gekickt. Grund: mit aufnahme support oder ban', '2021-12-19 11:50:47'),
(82, 21, 87, 'ban', 'Tj_Woke hat Moncler gebannt. Grund: Cheating', '2021-12-19 11:51:20'),
(83, 21, 88, 'kick', 'Tj_Woke hat gaylord gekickt. Grund: Verdacht auf Cheating, Aufnahmepflicht', '2021-12-19 12:14:55'),
(84, 35, 91, 'ban', '7Lyx hat Gameschlingel gebannt. Grund: godmode', '2021-12-19 12:37:06'),
(85, 8, 90, 'kick', 'Nick_Woke hat Michi gekickt. Grund: Bug', '2021-12-19 12:38:38'),
(86, 8, 91, 'unban', 'Nick_Woke hat die Spieler-ID (91) entbannt.', '2021-12-19 12:41:01'),
(87, 35, 94, 'kick', '7Lyx hat Syder gekickt. Grund: Godmode bug', '2021-12-19 12:42:11'),
(88, 1, 100, 'ban', 'Tim_woke hat kokojambo gebannt. Grund: du hs', '2021-12-19 12:49:25'),
(89, 6, 102, 'warn', 'Moinmex hat Peter verwarnt.', '2021-12-19 12:52:41'),
(90, 8, 102, 'warn', 'Nick_Woke hat Peter verwarnt.', '2021-12-19 12:52:42'),
(91, 8, 102, 'kick', 'Nick_Woke hat Peter gekickt. Grund: Maul', '2021-12-19 12:52:53'),
(92, 24, 103, 'kick', 'Justin_Woke hat Luca_Trino gekickt. Grund: godmode bug', '2021-12-19 13:11:45'),
(93, 8, 96, 'kick', 'Nick_Woke hat RaZe gekickt. Grund: Teamkilling', '2021-12-19 13:12:44'),
(94, 8, 24, 'kick', 'Nick_Woke hat Justin_Woke gekickt. Grund: VDm', '2021-12-19 13:16:51'),
(95, 8, 105, 'kick', 'Nick_Woke hat s2niklas gekickt. Grund: benimm dich im chat', '2021-12-19 13:20:30'),
(96, 8, 1, 'kick', 'Nick_Woke hat Tim_woke gekickt. Grund: Teamkilling', '2021-12-19 13:22:35'),
(97, 35, 105, 'warn', '7Lyx hat s2niklas verwarnt.', '2021-12-19 13:22:40'),
(98, 35, 105, 'warn', '7Lyx hat s2niklas verwarnt.', '2021-12-19 13:22:48'),
(99, 8, 106, 'kick', 'Nick_Woke hat Krushi gekickt. Grund: Godmode Bug', '2021-12-19 13:25:00'),
(100, 35, 69, 'kick', '7Lyx hat Devin gekickt. Grund: Ticket ohne beleidigen machen', '2021-12-19 13:29:05'),
(101, 24, 105, 'ban', 'Justin_Woke hat s2niklas gebannt. Grund: cheating', '2021-12-19 13:29:17'),
(102, 6, 107, 'kick', 'Moinmex hat Benutzername gekickt. Grund: Spawntrap', '2021-12-19 13:33:19'),
(103, 1, 35, 'kick', 'Tim_woke hat 7Lyx gekickt. Grund: team kill', '2021-12-19 13:47:20'),
(104, 8, 1, 'kick', 'Nick_Woke hat Tim_woke gekickt. Grund: Spawntrapping', '2021-12-19 13:48:17'),
(105, 6, 108, 'kick', 'Moinmex hat AHMAD gekickt. Grund: driveby', '2021-12-19 13:49:12'),
(106, 8, 109, 'kick', 'Nick_Woke hat jutten gekickt. Grund: benimm dich', '2021-12-19 13:50:07'),
(107, 6, 38, 'kick', 'Moinmex hat baran55 gekickt. Grund: beleidigung', '2021-12-19 13:50:48'),
(108, 21, 29, 'kick', 'Tj_Woke hat Blue_Back gekickt. Grund: ab jz 1 Woche Aufnahmepficht', '2021-12-19 13:53:04'),
(109, 35, 109, 'kick', '7Lyx hat jutten gekickt. Grund: spawntrapping', '2021-12-19 14:02:56'),
(110, 24, 35, 'kick', 'Justin_Woke hat 7Lyx gekickt. Grund: hi', '2021-12-19 14:03:20'),
(111, 49, 112, 'kick', 'Duchess hat rxchxrq gekickt. Grund: Absichtliches VDM', '2021-12-19 14:06:14'),
(112, 8, 115, 'ban', 'Nick_Woke hat Maxi gebannt. Grund: Healkey', '2021-12-19 14:11:00'),
(113, 8, 6, 'kick', 'Nick_Woke hat Moinmex gekickt. Grund: teamkilling', '2021-12-19 14:23:55'),
(114, 49, 110, 'kick', 'Duchess hat Tom_Grey gekickt. Grund: Aufnahmepflicht [1 Woche]', '2021-12-19 14:24:43'),
(115, 8, 118, 'kick', 'Nick_Woke hat Ramsey gekickt. Grund: Spawntrapping', '2021-12-19 14:26:56'),
(116, 8, 114, 'kick', 'Nick_Woke hat David_Rwena gekickt. Grund: Bug', '2021-12-19 14:28:12'),
(117, 8, 1, 'kick', 'Nick_Woke hat Tim_woke gekickt. Grund: mießer Vdm', '2021-12-19 14:34:36'),
(118, 8, 21, 'kick', 'Nick_Woke hat Tj_Woke gekickt. Grund: Raff dich', '2021-12-19 14:42:09'),
(119, 6, 7, 'ban', 'Moinmex hat Alpha gebannt. Grund: haks', '2021-12-19 15:21:28'),
(120, 8, 92, 'ban', 'Nick_Woke hat Baastos gebannt. Grund: Cheating', '2021-12-19 15:38:22'),
(121, 128, 130, 'kick', 'Drexm hat Maison gekickt. Grund: Driveby', '2021-12-19 15:38:41'),
(122, 1, 8, 'kick', 'Tim_woke hat Nick_Woke gekickt. Grund: team kill', '2021-12-19 15:40:16'),
(123, 8, 126, 'kick', 'Nick_Woke hat krass gekickt. Grund: Drive-By', '2021-12-19 15:43:17'),
(124, 8, 1, 'kick', 'Nick_Woke hat Tim_woke gekickt. Grund: VDM', '2021-12-19 15:43:36'),
(125, 8, 137, 'kick', 'Nick_Woke hat Quertiz gekickt. Grund: drive-By', '2021-12-19 15:45:22'),
(126, 24, 108, 'kick', 'Justin_Woke hat AHMAD gekickt. Grund: team killing', '2021-12-19 15:48:24'),
(127, 1, 7, 'unban', 'Tim_woke hat die Spieler-ID (7) entbannt.', '2021-12-19 15:51:25'),
(128, 1, 105, 'unban', 'Tim_woke hat die Spieler-ID (105) entbannt.', '2021-12-19 15:51:53'),
(129, 8, 139, 'kick', 'Nick_Woke hat trxixx gekickt. Grund: Drive-By und VDM', '2021-12-19 15:57:06'),
(130, 8, 139, 'kick', 'Nick_Woke hat trxixx gekickt. Grund: Drive-By', '2021-12-19 16:08:38'),
(131, 8, 7, 'kick', 'Nick_Woke hat Alpha gekickt. Grund: Spawntrapping', '2021-12-19 16:18:37'),
(132, 21, 7, 'kick', 'Tj_Woke hat Alpha gekickt. Grund: Spawntraping', '2021-12-19 16:20:52'),
(133, 8, 7, 'kick', 'Nick_Woke hat Alpha gekickt. Grund: letzte Warnung kein Spawntrapping', '2021-12-19 16:21:07'),
(134, 1, 1, 'givecar', 'Fahrzeug WOke gegeben (Hash: 3632063247)', '2021-12-19 16:42:22'),
(135, 24, 7, 'kick', 'Justin_Woke hat Alpha gekickt. Grund: beleidigung', '2021-12-19 16:47:13'),
(136, 1, 1, 'givecar', 'Fahrzeug Woke gegeben (Hash: 2890648288)', '2021-12-19 16:49:38'),
(137, 1, 21, 'givecar', 'Fahrzeug Woke gegeben (Hash: 3143386840)', '2021-12-19 16:55:58'),
(138, 1, 1, 'givecar', 'Fahrzeug Woke gegeben (Hash: 3143386840)', '2021-12-19 16:56:27'),
(139, 1, 24, 'givecar', 'Fahrzeug Woke gegeben (Hash: 3143386840)', '2021-12-19 16:57:31'),
(140, 1, 24, 'givecar', 'Fahrzeug Woke gegeben (Hash: 363206347)', '2021-12-19 16:58:07'),
(141, 24, 7, 'ban', 'Justin_Woke hat Alpha gebannt. Grund: cheating', '2021-12-19 16:59:15'),
(142, 49, 151, 'kick', 'Duchess hat ilias gekickt. Grund: Bugusing', '2021-12-19 17:00:10'),
(143, 49, 49, 'givecar', 'Fahrzeug E63 gegeben (Hash: 3632063247)', '2021-12-19 17:08:01'),
(144, 49, 49, 'givecar', 'Fahrzeug S63 gegeben (Hash: 3143386840)', '2021-12-19 17:08:19'),
(145, 6, 151, 'kick', 'Moinmex hat ilias gekickt. Grund: bist verbugt', '2021-12-19 17:09:53'),
(146, 49, 49, 'givecar', 'Fahrzeug BMW M8 gegeben (Hash: 2890648288)', '2021-12-19 17:10:53'),
(147, 8, 83, 'kick', 'Nick_Woke hat Sidan_Miller gekickt. Grund: VDM', '2021-12-19 17:12:11'),
(148, 8, 24, 'kick', 'Nick_Woke hat Justin_Woke gekickt. Grund: Raff dich', '2021-12-19 17:13:29'),
(149, 8, 1, 'kick', 'Nick_Woke hat Tim_woke gekickt. Grund: VDM', '2021-12-19 17:16:50'),
(150, 8, 122, 'kick', 'Nick_Woke hat x4paiin gekickt. Grund: keine Beleidigung', '2021-12-19 17:19:15'),
(151, 8, 21, 'kick', 'Nick_Woke hat Tj_Woke gekickt. Grund: VDM', '2021-12-19 17:22:17'),
(152, 49, 156, 'ban', 'Duchess hat Olaf gebannt. Grund: Cheating', '2021-12-19 17:50:00'),
(153, 24, 35, 'kick', 'Justin_Woke hat 7Lyx gekickt. Grund: raff dich', '2021-12-19 17:56:14'),
(154, 49, 30, 'kick', 'Duchess hat Orsiris gekickt. Grund: Permanente Aufnahmepflicht ab jetzt.', '2021-12-19 17:59:25'),
(155, 8, 155, 'kick', 'Nick_Woke hat DoppelE gekickt. Grund: VDM', '2021-12-19 18:07:20'),
(156, 49, 35, 'givecar', 'Fahrzeug BMW M8 gegeben (Hash: 2890648288)', '2021-12-19 18:07:27'),
(157, 24, 96, 'kick', 'Justin_Woke hat RaZe gekickt. Grund: vdm', '2021-12-19 18:14:52'),
(158, 6, 173, 'kick', 'Moinmex hat naruderNexxer gekickt. Grund: weißt du selber', '2021-12-19 18:53:24'),
(159, 8, 168, 'kick', 'Nick_Woke hat Leonit gekickt. Grund: vdm', '2021-12-19 19:00:06'),
(160, 35, 151, 'kick', '7Lyx hat ilias gekickt. Grund: driveby', '2021-12-19 19:02:20'),
(161, 29, 109, 'kick', 'Blue_Back hat jutten gekickt. Grund: VDM', '2021-12-19 19:02:22'),
(162, 8, 151, 'kick', 'Nick_Woke hat ilias gekickt. Grund: vdm', '2021-12-19 19:02:54'),
(163, 49, 148, 'kick', 'Duchess hat Cedriq gekickt. Grund: Nach dem Kick, änderst du dein Gender nicht auf Female', '2021-12-19 19:04:55'),
(164, 8, 168, 'kick', 'Nick_Woke hat Leonit gekickt. Grund: vdm', '2021-12-19 19:05:22'),
(165, 8, 21, 'kick', 'Nick_Woke hat Tj_Woke gekickt. Grund: Spawntrapping', '2021-12-19 19:06:37'),
(166, 8, 83, 'kick', 'Nick_Woke hat Sidan_Miller gekickt. Grund: Drive-By', '2021-12-19 19:08:31'),
(167, 8, 144, 'kick', 'Nick_Woke hat Yassin gekickt. Grund: Drive-By', '2021-12-19 19:09:25'),
(168, 29, 25, 'kick', 'Blue_Back hat Andre_White gekickt. Grund: driveby', '2021-12-19 19:09:39'),
(169, 29, 168, 'kick', 'Blue_Back hat Leonit gekickt. Grund: Driveby', '2021-12-19 19:13:15'),
(170, 8, 23, 'kick', 'Nick_Woke hat 1234 gekickt. Grund: selber', '2021-12-19 19:17:03'),
(171, 29, 166, 'kick', 'Blue_Back hat Arty gekickt. Grund: Teamkilling', '2021-12-19 19:17:33'),
(172, 29, 109, 'kick', 'Blue_Back hat jutten gekickt. Grund: driveby', '2021-12-19 19:19:00'),
(173, 29, 23, 'kick', 'Blue_Back hat 1234 gekickt. Grund: nicht beleidigen in chat danke :3', '2021-12-19 19:22:02'),
(174, 29, 84, 'kick', 'Blue_Back hat Skitz_Alvarez gekickt. Grund: Beleidigung', '2021-12-19 19:27:29'),
(175, 8, 84, 'kick', 'Nick_Woke hat Skitz_Alvarez gekickt. Grund: raff dich', '2021-12-19 19:27:34'),
(176, 1, 167, 'ban', 'Tim_woke hat zZLarsS gebannt. Grund:  F', '2021-12-19 19:30:31'),
(177, 1, 175, 'ban', 'Tim_woke hat Abou_Amiri gebannt. Grund: xd', '2021-12-19 19:32:21'),
(178, 8, 109, 'kick', 'Nick_Woke hat jutten gekickt. Grund: raff dich', '2021-12-19 19:44:01'),
(179, 139, 169, 'kick', 'trxixx hat Cem_Capello gekickt. Grund: keine beleidigung im chat', '2021-12-19 19:45:27'),
(180, 1, 52, 'givecar', 'Fahrzeug Drafter gegeben (Hash: 686471183)', '2021-12-19 19:45:33'),
(181, 1, 184, 'givecar', 'Fahrzeug Drafter gegeben (Hash: 686471183)', '2021-12-19 19:46:38'),
(182, 1, 52, 'givecar', 'Fahrzeug GG gegeben (Hash: 408655493)', '2021-12-19 19:50:31'),
(183, 49, 176, 'ban', 'Duchess hat Janosh_Jenkins gebannt. Grund: Cheating', '2021-12-19 20:04:32'),
(184, 1, 84, 'givecar', 'Fahrzeug T20 gegeben (Hash: 1663218586)', '2021-12-19 20:04:32'),
(185, 8, 184, 'kick', 'Nick_Woke hat venturex gekickt. Grund: Aufnahmepflicht 1 Woche', '2021-12-19 20:14:24'),
(186, 8, 185, 'kick', 'Nick_Woke hat schmock gekickt. Grund: vdm', '2021-12-19 20:17:30'),
(187, 8, 177, 'kick', 'Nick_Woke hat Nuda_ gekickt. Grund: raff dich', '2021-12-19 20:17:42'),
(188, 1, 71, 'kick', 'Tim_woke hat Toni gekickt. Grund: teamkill', '2021-12-19 20:19:35'),
(189, 8, 184, 'ban', 'Nick_Woke hat venturex gebannt. Grund: Cheating', '2021-12-19 20:24:09'),
(190, 8, 177, 'kick', 'Nick_Woke hat Nuda_ gekickt. Grund: Bugusing', '2021-12-19 20:25:20'),
(191, 49, 1, 'kick', 'Duchess hat Tim_woke gekickt. Grund: TEST', '2021-12-19 20:32:44'),
(192, 1, 8, 'ban', 'Tim_woke hat Nick_Woke gebannt. Grund: test', '2021-12-19 20:33:12'),
(193, 49, 1, 'unban', 'Duchess hat die Spieler-ID (1) entbannt.', '2021-12-19 20:33:29'),
(194, 49, 8, 'unban', 'Duchess hat die Spieler-ID (8) entbannt.', '2021-12-19 20:34:17'),
(195, 49, 187, 'kick', 'Duchess hat Onespeed gekickt. Grund: Bugusing', '2021-12-19 20:44:47'),
(196, 35, 187, 'kick', '7Lyx hat Onespeed gekickt. Grund: aufnahme pflicht 1 woche', '2021-12-19 20:53:15'),
(197, 35, 148, 'kick', '7Lyx hat Cedriq gekickt. Grund: Abuse?', '2021-12-19 21:03:20'),
(198, 139, 144, 'kick', 'trxixx hat Yassin gekickt. Grund: raff dich', '2021-12-20 00:45:27'),
(199, 139, 144, 'kick', 'trxixx hat Yassin gekickt. Grund: Teamkill', '2021-12-20 00:46:44'),
(200, 139, 144, 'kick', 'trxixx hat Yassin gekickt. Grund: teamkill', '2021-12-20 00:47:30'),
(201, 139, 144, 'kick', 'trxixx hat Yassin gekickt. Grund: OOC', '2021-12-20 00:48:12'),
(202, 139, 144, 'kick', 'trxixx hat Yassin gekickt. Grund: Teamkiller detected', '2021-12-20 00:48:30'),
(203, 139, 144, 'kick', 'trxixx hat Yassin gekickt. Grund: Teamkiller detected', '2021-12-20 00:48:53'),
(204, 139, 144, 'kick', 'trxixx hat Yassin gekickt. Grund: Teamkiller detected', '2021-12-20 00:49:08'),
(205, 49, 20, 'unban', 'Duchess1337 hat die Spieler-ID (20) entbannt.', '2021-12-20 11:44:41'),
(206, 29, 177, 'kick', 'Blue_Back hat Nuda_ gekickt. Grund: Aufnahmeplficht!', '2021-12-20 12:07:31'),
(207, 49, 151, 'kick', 'Duchess1337 hat ilias gekickt. Grund: Ultimativer Fortnite Profi', '2021-12-20 12:24:10'),
(208, 49, 29, 'givecar', 'Fahrzeug E63 gegeben (Hash: 3632063247)', '2021-12-20 12:36:43'),
(209, 49, 148, 'kick', 'Duchess1337 hat cedric gekickt. Grund: Zinken ist nicht erlaubt', '2021-12-20 12:54:33'),
(210, 148, 148, 'kick', 'cedric hat cedric gekickt. Grund: wunsch', '2021-12-20 13:03:25'),
(211, 148, 69, 'kick', 'Cedriq1337 hat Devin gekickt. Grund: wunsch', '2021-12-20 13:18:25'),
(212, 49, 201, 'kick', 'Duchess1337 hat KxzyShakur gekickt. Grund: Driveby', '2021-12-20 14:46:31'),
(213, 49, 84, 'kick', 'Duchess1337 hat Skitz_Alvarez gekickt. Grund: Driveby', '2021-12-20 14:49:57'),
(214, 24, 29, 'kick', 'Justin_Woke hat Blue_Back gekickt. Grund: westen ziehen und schießen NÖ', '2021-12-20 14:51:04'),
(215, 29, 84, 'kick', 'Blue_Back hat Skitz_Alvarez gekickt. Grund: Driveby', '2021-12-20 14:53:09'),
(216, 49, 84, 'kick', 'Duchess1337 hat Skitz_Alvarez gekickt. Grund: Im Auto Weste ziehen', '2021-12-20 14:59:37'),
(217, 29, 38, 'kick', 'Blue_Back hat baran55 gekickt. Grund: VDM', '2021-12-20 15:01:21'),
(218, 1, 121, 'kick', 'Tim_woke hat vexly gekickt. Grund: vdmt + driveby', '2021-12-20 15:11:35'),
(219, 24, 121, 'kick', 'Justin_Woke hat vexly gekickt. Grund: teamkill', '2021-12-20 15:12:20'),
(220, 1, 1, 'kick', 'Tim_woke hat Tim_woke gekickt. Grund: vdm', '2021-12-20 15:14:39'),
(221, 29, 105, 'kick', 'Blue_Back hat s2niklas gekickt. Grund: VDM', '2021-12-20 15:26:37'),
(222, 49, 216, 'givecar', 'Fahrzeug S63 gegeben (Hash: 3143386840)', '2021-12-20 15:28:45'),
(223, 29, 217, 'kick', 'Blue_Back hat n1wozz gekickt. Grund: Aufnahmepflicht 1 Woche', '2021-12-20 15:32:30'),
(224, 49, 216, 'kick', 'LabConnection hat Xrs1337 gekickt. Grund: Reconnecten', '2021-12-20 15:55:14'),
(225, 49, 49, 'ban', 'LabConnection hat LabConnection gebannt. Grund: Cheating', '2021-12-20 15:58:41'),
(226, 148, 148, 'kick', 'Cedriq1337 hat Cedriq1337 gekickt. Grund: Wir akzeptieren keine schwule auf unserem server', '2021-12-20 15:59:40'),
(227, 1, 49, 'unban', 'Tim_woke hat die Spieler-ID (49) entbannt.', '2021-12-20 16:00:00'),
(228, 148, 148, 'kick', 'Cedriq1337 hat Cedriq1337 gekickt. Grund: wunsch', '2021-12-20 16:00:06'),
(229, 49, 222, 'ban', 'LabConnection hat Lzc4 gebannt. Grund: Cheating (Obvious)', '2021-12-20 16:02:28'),
(230, 49, 148, 'ban', 'LabConnection hat Cedriq1337 gebannt. Grund: Cheating', '2021-12-20 16:08:50'),
(231, 49, 148, 'unban', 'LabConnection hat die Spieler-ID (148) entbannt.', '2021-12-20 16:09:12'),
(232, 49, 148, 'timeban', 'LabConnection hat Cedriq1337 temporär gebannt. Grund: Provokantes Verhalten', '2021-12-20 16:14:18'),
(233, 49, 148, 'unban', 'LabConnection hat die Spieler-ID (148) entbannt.', '2021-12-20 16:14:51'),
(234, 29, 26, 'kick', 'Blue_Back hat Luca gekickt. Grund: Beledigung in chat', '2021-12-20 16:20:12'),
(235, 29, 29, 'kick', 'Blue_Back hat Blue_Back gekickt. Grund: john Beleidigung in chat', '2021-12-20 16:20:31'),
(236, 29, 177, 'kick', 'Blue_Back hat Nuda_ gekickt. Grund: Beleidigung in chat', '2021-12-20 17:47:17'),
(237, 8, 177, 'kick', 'Nick_Woke hat Nuda_ gekickt. Grund: raff dich', '2021-12-20 17:48:25'),
(238, 8, 1, 'kick', 'Nick_Woke hat Tim_woke gekickt. Grund: VDm', '2021-12-20 17:51:06'),
(239, 8, 151, 'kick', 'Nick_Woke hat ilias gekickt. Grund: Godmode Bug', '2021-12-20 17:52:49'),
(240, 8, 27, 'kick', 'Nick_Woke hat Manu_Back gekickt. Grund: raff dich', '2021-12-20 17:59:26'),
(241, 29, 69, 'kick', 'Blue_Back hat Devin gekickt. Grund: Aufnahmeplficht', '2021-12-20 18:02:13'),
(242, 148, 148, 'kick', 'Cedriq1337 hat Cedriq1337 gekickt. Grund: wunsch', '2021-12-20 18:06:19'),
(243, 1, 8, 'kick', 'Tim_Woke hat Nick_Woke gekickt. Grund: admin aduty rdm', '2021-12-20 18:45:51'),
(244, 8, 235, 'kick', 'Nick_Woke hat Tyson_ gekickt. Grund: Mit Clip im Support melden DC: https://discord.gg/dvXzCuZ8TP', '2021-12-20 18:49:47'),
(245, 8, 195, 'kick', 'Nick_Woke hat Gambo_Pinguin gekickt. Grund: Im Support mit Clip melden DC: https://discord.gg/dvXzCuZ8TP', '2021-12-20 18:51:08'),
(246, 148, 226, 'kick', 'BabaDev1337 hat Lucky gekickt. Grund: teamkilling', '2021-12-20 18:55:58'),
(247, 8, 109, 'kick', 'Nick_Woke hat jutten gekickt. Grund: spawntrapping', '2021-12-20 18:57:51'),
(248, 8, 105, 'kick', 'Nick_Woke hat s2niklas gekickt. Grund: raff dich', '2021-12-20 19:45:43'),
(249, 1, 8, 'kick', 'Tim_Woke hat Nick_Woke gekickt. Grund: test', '2021-12-20 19:48:34'),
(250, 35, 35, 'kick', '7Lyx hat 7Lyx gekickt. Grund: kann ich mich selbst kicken?', '2021-12-20 20:19:52'),
(251, 148, 148, 'kick', 'BabaDev1337 hat BabaDev1337 gekickt. Grund: 1337 wunsch', '2021-12-20 20:32:07'),
(252, 139, 139, 'kick', 'trxixx hat trxixx gekickt. Grund: d', '2021-12-21 00:18:41'),
(253, 21, 251, 'ban', 'Tj_Woke hat Akadi gebannt. Grund: cheating', '2021-12-21 14:19:31'),
(254, 21, 27, 'kick', 'Tj_Woke hat Manu_Back gekickt. Grund: VDM', '2021-12-21 14:41:35'),
(255, 29, 226, 'kick', 'Blue_Back hat Lucky gekickt. Grund: hs', '2021-12-21 14:42:14'),
(256, 29, 75, 'kick', 'Blue_Back hat Purity gekickt. Grund: Aufnahmepflicht 1 Woche Lock verdacht!', '2021-12-21 14:52:20'),
(257, 29, 27, 'kick', 'Blue_Back hat Manu_Back gekickt. Grund: VDM mensch du', '2021-12-21 15:02:51'),
(258, 1, 29, 'kick', 'Tim_Woke hat Blue_Back gekickt. Grund: Spawntrping', '2021-12-21 15:05:46'),
(259, 29, 226, 'kick', 'Blue_Back hat Lucky gekickt. Grund: Aufnahmepflicht,SpawnTrapping!', '2021-12-21 15:12:48'),
(260, 29, 235, 'kick', 'Blue_Back hat Tyson_ gekickt. Grund: Spawn Trapping!', '2021-12-21 15:12:59'),
(261, 29, 227, 'kick', 'Blue_Back hat Pierre gekickt. Grund: driveby', '2021-12-21 15:15:46'),
(262, 21, 29, 'kick', 'Tj_Woke hat Blue_Back gekickt. Grund: raff dich', '2021-12-21 15:18:07'),
(263, 1, 151, 'resethwid', 'Hardware-ID von 151 zurückgesetzt.', '2021-12-21 15:18:22'),
(264, 49, 262, 'kick', 'LabConnection hat Julianderg gekickt. Grund: Spawntrapping', '2021-12-21 18:03:38'),
(265, 49, 227, 'kick', 'LabConnection hat Pierre gekickt. Grund: Absichtliches VDM', '2021-12-21 18:06:43'),
(266, 1, 21, 'kick', 'Tim_Woke hat Tj_Woke gekickt. Grund: vdm', '2021-12-21 18:07:24'),
(267, 49, 8, 'kick', 'LabConnection hat Nick_Woke gekickt. Grund: Junge raff dich', '2021-12-21 18:08:07'),
(268, 8, 1, 'kick', 'Nick_Woke hat Tim_Woke gekickt. Grund: raff dich', '2021-12-21 18:14:03'),
(269, 121, 263, 'kick', 'vexly hat Phantom gekickt. Grund: spawntrapping', '2021-12-21 18:14:58'),
(270, 6, 268, 'kick', 'Moinmex hat John gekickt. Grund: beleidigung', '2021-12-21 18:27:28'),
(271, 6, 262, 'kick', 'Moinmex hat Julianderg gekickt. Grund: beleidigung', '2021-12-21 18:27:47'),
(272, 8, 130, 'kick', 'Nick_Woke hat Maison gekickt. Grund: Permanente Aufnahmepflicht', '2021-12-21 18:28:01'),
(273, 21, 268, 'kick', 'Tj_Woke hat John gekickt. Grund: raff dich', '2021-12-21 18:28:33'),
(274, 8, 268, 'kick', 'Nick_Woke hat John gekickt. Grund: raff dich', '2021-12-21 18:28:34'),
(275, 8, 262, 'kick', 'Nick_Woke hat Julianderg gekickt. Grund: Raff dich', '2021-12-21 18:28:48'),
(276, 6, 262, 'ban', 'Moinmex hat Julianderg gebannt. Grund: beleidigung', '2021-12-21 18:29:23'),
(277, 6, 268, 'warn', 'Moinmex hat John verwarnt.', '2021-12-21 18:30:17'),
(278, 8, 268, 'kick', 'Nick_Woke hat John gekickt. Grund: letzte Wahrnung', '2021-12-21 18:30:38'),
(279, 1, 268, 'ban', 'Tim_Woke hat John gebannt. Grund: du hs', '2021-12-21 18:31:24'),
(280, 148, 265, 'kick', 'BabaDev1337 hat Texiz gekickt. Grund: mmh?', '2021-12-21 18:32:12'),
(281, 21, 272, 'kick', 'Tj_Woke hat 5454 gekickt. Grund: driveby', '2021-12-21 18:33:56'),
(282, 1, 272, 'kick', 'Tim_Woke hat 5454 gekickt. Grund: vdm', '2021-12-21 18:36:28'),
(283, 6, 148, 'kick', 'Moinmex hat BabaDev1337 gekickt. Grund: Bug', '2021-12-21 18:37:32'),
(284, 49, 1, 'kick', 'LabConnection hat Tim_Woke gekickt. Grund: Hör auf damit', '2021-12-21 18:40:10'),
(285, 8, 1, 'kick', 'Nick_Woke hat Tim_Woke gekickt. Grund: VDM', '2021-12-21 18:46:20'),
(286, 1, 8, 'kick', 'Tim_Woke hat Nick_Woke gekickt. Grund: vdm', '2021-12-21 18:48:40'),
(287, 6, 86, 'kick', 'Moinmex hat Trendsetter gekickt. Grund: driveby', '2021-12-21 18:51:08'),
(288, 49, 275, 'ban', 'LabConnection hat rz32gqriuh32qbrhu3en gebannt. Grund: Cheating', '2021-12-21 18:51:44'),
(289, 49, 277, 'kick', 'LabConnection hat Kiremindekim gekickt. Grund: Perma Aufnahmepflicht', '2021-12-21 18:53:44'),
(290, 282, 282, 'givecar', 'Fahrzeug s63w222 gegeben (Hash: 3143386840)', '2021-12-22 12:36:16'),
(291, 282, 282, 'givecar', 'Fahrzeug e63amg gegeben (Hash: 3632063247)', '2021-12-22 12:36:42'),
(292, 281, 281, 'givecar', 'Fahrzeug S63w222 gegeben (Hash: 3143386840)', '2021-12-22 12:58:21'),
(293, 281, 282, 'kick', 'Duchess hat Justin_Woke gekickt. Grund: Nigger', '2021-12-22 13:18:46'),
(294, 281, 281, 'givecar', 'Fahrzeug Bmwm8 gegeben (Hash: 2890648288)', '2021-12-22 22:38:09'),
(295, 281, 285, 'kick', 'Duchess hat Cedriq1337 gekickt. Grund: Reconnecten', '2021-12-23 13:35:02'),
(296, 281, 286, 'givecar', 'Fahrzeug Drafter gegeben (Hash: 686471183)', '2021-12-23 13:36:12'),
(297, 281, 285, 'givecar', 'Fahrzeug S63w222 gegeben (Hash: 3143386840)', '2021-12-23 13:37:13'),
(298, 281, 285, 'timeban', 'Duchess hat Cedriq1337 temporär gebannt. Grund: Auszeit', '2021-12-23 13:42:40'),
(299, 281, 285, 'unban', 'Duchess hat die Spieler-ID (285) entbannt.', '2021-12-23 13:44:19'),
(300, 288, 290, 'ban', 'derprofi_xenon hat Blue_Back gebannt. Grund: 2 d', '2021-12-23 13:50:02'),
(301, 288, 290, 'unban', 'derprofi_xenon hat die Spieler-ID (290) entbannt.', '2021-12-23 14:07:53'),
(302, 281, 292, 'kick', 'Duchess hat TurTle88 gekickt. Grund: Permanente Aufnahmepflicht', '2021-12-23 14:10:37'),
(303, 283, 285, 'kick', 'Tim_Woke hat Cedriq1337 gekickt. Grund: du hure', '2021-12-23 14:21:49'),
(304, 288, 285, 'kick', 'derprofi_xenon hat Cedriq1337 gekickt. Grund: hör auf damit !', '2021-12-23 14:21:49'),
(305, 281, 285, 'warn', 'Duchess hat Cedriq1337 verwarnt.', '2021-12-23 14:23:05'),
(306, 281, 285, 'warn', 'Duchess hat Cedriq1337 verwarnt.', '2021-12-23 14:24:01'),
(307, 281, 285, 'warn', 'Duchess hat Cedriq1337 verwarnt.', '2021-12-23 14:24:11'),
(308, 288, 285, 'kick', 'derprofi_xenon hat Cedriq1337 gekickt. Grund: Beleidigung', '2021-12-23 14:24:29'),
(309, 288, 292, 'warn', 'derprofi_xenon hat TurTle88 verwarnt.', '2021-12-23 14:36:31'),
(310, 283, 297, 'ban', 'Tim_Woke hat awde gebannt. Grund: support', '2021-12-23 14:45:33'),
(311, 281, 305, 'ban', 'Duchess hat Tecno gebannt. Grund: XCM', '2021-12-23 15:08:29'),
(312, 307, 303, 'kick', 'Noah hat s2niklas gekickt. Grund: Dach FFA', '2021-12-23 16:12:02'),
(313, 283, 283, 'givecar', 'Fahrzeug t20 gegeben (Hash: 1663218586)', '2021-12-23 17:36:41'),
(314, 283, 283, 'givecar', 'Fahrzeug drafter gegeben (Hash: 686471183)', '2021-12-23 17:37:23'),
(315, 283, 284, 'givecar', 'Fahrzeug drafter gegeben (Hash: 686471183)', '2021-12-23 17:37:47'),
(316, 283, 284, 'givecar', 'Fahrzeug e63amg gegeben (Hash: 3632063247)', '2021-12-23 17:39:27'),
(317, 283, 284, 'givecar', 'Fahrzeug s63w222 gegeben (Hash: 3143386840)', '2021-12-23 17:39:47'),
(318, 283, 283, 'givecar', 'Fahrzeug s63w222 gegeben (Hash: 3143386840)', '2021-12-23 17:40:08'),
(319, 283, 283, 'givecar', 'Fahrzeug e63amg gegeben (Hash: 3632063247)', '2021-12-23 17:40:22'),
(320, 284, 333, 'timeban', 'Nick_Woke hat Teemo temporär gebannt. Grund: Raff dich', '2021-12-23 17:46:46'),
(321, 284, 333, 'ban', 'Nick_Woke hat Teemo gebannt. Grund: Nerv net', '2021-12-23 17:50:02'),
(322, 284, 283, 'kick', 'Nick_Woke hat Tim_Woke gekickt. Grund: Raff dich', '2021-12-23 17:57:57'),
(323, 288, 341, 'kick', 'derprofi_xenon hat 1234 gekickt. Grund: Sorry nicht dein fehler ist wegen bug', '2021-12-23 18:35:37'),
(324, 283, 309, 'kick', 'Tim_Woke hat Nuda gekickt. Grund: ne', '2021-12-23 18:35:58'),
(325, 283, 309, 'unban', 'Tim_Woke hat die Spieler-ID (309) entbannt.', '2021-12-23 18:46:12'),
(326, 283, 309, 'unban', 'Tim_Woke hat die Spieler-ID (309) entbannt.', '2021-12-23 18:50:49'),
(327, 283, 309, 'unban', 'Tim_Woke hat die Spieler-ID (309) entbannt.', '2021-12-23 18:53:22'),
(328, 283, 309, 'unban', 'Tim_Woke hat die Spieler-ID (309) entbannt.', '2021-12-23 18:53:25'),
(329, 283, 309, 'unban', 'Tim_Woke hat die Spieler-ID (309) entbannt.', '2021-12-23 18:54:25'),
(330, 284, 356, 'ban', 'Nick_Woke hat Nuda gebannt. Grund: Sicherheitsbann', '2021-12-23 19:27:18'),
(331, 283, 356, 'unban', 'Tim_Woke hat die Spieler-ID (356) entbannt.', '2021-12-23 19:28:06'),
(332, 288, 356, 'unban', 'derprofi_xenon hat die Spieler-ID (356) entbannt.', '2021-12-23 19:29:52'),
(333, 284, 285, 'unban', 'Nick_Woke hat die Spieler-ID (285) entbannt.', '2021-12-23 19:31:38'),
(334, 285, 286, 'kick', 'Cedriq1337 hat MonkeyFelix gekickt. Grund: Dach in ffa :(', '2021-12-23 19:36:13'),
(335, 283, 288, 'kick', 'Tim_Woke hat derprofi_xenon gekickt. Grund: ne', '2021-12-23 20:14:56'),
(336, 296, 341, 'kick', 'tjnnk hat 1234 gekickt. Grund: mit clip im support einfinden', '2021-12-23 20:27:48'),
(337, 288, 359, 'kick', 'derprofi_xenon hat blowy gekickt. Grund: bitte im support einfinden', '2021-12-23 20:46:34'),
(338, 284, 369, 'kick', 'Nick_Woke hat Julian_Hugo gekickt. Grund: Godmode Bug', '2021-12-23 20:53:41'),
(339, 296, 376, 'kick', 'tjnnk hat Mendosa gekickt. Grund: mit clip im support einfinden !', '2021-12-23 21:08:07'),
(340, 288, 381, 'kick', 'derprofi_xenon hat Mogli_Grassi gekickt. Grund: bitte in den support', '2021-12-23 21:13:38'),
(341, 285, 285, 'kick', 'Cedriq1337 hat Cedriq1337 gekickt. Grund: s', '2021-12-23 21:19:56'),
(342, 283, 284, 'ban', 'Tim_Woke hat Nick_Woke gebannt. Grund: tset', '2021-12-23 21:34:05'),
(343, 283, 284, 'unban', 'Tim_Woke hat die Spieler-ID (284) entbannt.', '2021-12-23 21:35:39'),
(344, 285, 285, 'kick', 'Cedriq1337 hat Cedriq1337 gekickt. Grund: test', '2021-12-23 21:37:59'),
(345, 288, 392, 'kick', 'derprofi_xenon hat Devin gekickt. Grund: beledigung', '2021-12-23 21:39:30'),
(346, 283, 297, 'kick', 'Tim_Woke hat awde gekickt. Grund: support', '2021-12-23 21:56:05'),
(347, 288, 395, 'ban', 'derprofi_xenon hat sexmitkindern gebannt. Grund: name', '2021-12-23 22:00:38'),
(348, 284, 283, 'kick', 'Nick_Woke hat Tim_Woke gekickt. Grund: raff dich', '2021-12-23 22:15:42'),
(349, 283, 307, 'kick', 'Tim_Woke hat Noah gekickt. Grund: F', '2021-12-23 22:26:47'),
(350, 283, 284, 'kick', 'Tim_Woke hat Nick_Woke gekickt. Grund: bin off', '2021-12-23 22:29:58'),
(351, 283, 307, 'kick', 'Tim_Woke hat Noah gekickt. Grund: bin off', '2021-12-23 22:30:15'),
(352, 284, 283, 'kick', 'Nick_Woke hat Tim_Woke gekickt. Grund: Raff dich', '2021-12-23 22:31:47'),
(353, 284, 303, 'kick', 'Nick_Woke hat s2niklas gekickt. Grund: Töten in Safezone', '2021-12-23 23:36:42'),
(354, 288, 397, 'kick', 'derprofi_xenon hat Eric gekickt. Grund: Driveby', '2021-12-23 23:37:26'),
(355, 288, 398, 'kick', 'derprofi_xenon hat naru gekickt. Grund: driveby', '2021-12-23 23:37:41'),
(356, 284, 303, 'kick', 'Nick_Woke hat s2niklas gekickt. Grund: Spawntrapping', '2021-12-23 23:41:37'),
(357, 307, 387, 'kick', 'Noah hat Aquartix gekickt. Grund: Driveby', '2021-12-23 23:41:39'),
(358, 284, 303, 'kick', 'Nick_Woke hat s2niklas gekickt. Grund: Spawntrapping', '2021-12-23 23:52:46'),
(359, 284, 341, 'kick', 'Nick_Woke hat 1234 gekickt. Grund: Bugusing', '2021-12-23 23:54:00'),
(360, 307, 387, 'kick', 'Noah hat Aquartix gekickt. Grund: Beleidigung pls aufhören <3', '2021-12-23 23:56:37'),
(361, 285, 387, 'kick', 'Cedriq1337 hat Aquartix gekickt. Grund: beleidigung', '2021-12-24 00:00:59'),
(362, 288, 341, 'kick', 'derprofi_xenon hat 1234 gekickt. Grund: beleidigung', '2021-12-24 00:02:24'),
(363, 284, 397, 'kick', 'Nick_Woke hat Eric gekickt. Grund: raff dich', '2021-12-24 00:02:43'),
(364, 284, 397, 'kick', 'Nick_Woke hat Eric gekickt. Grund: Teamkilling', '2021-12-24 00:04:32'),
(365, 284, 303, 'warn', 'Nick_Woke hat s2niklas verwarnt.', '2021-12-24 00:04:48'),
(366, 313, 314, 'kick', 'RequVanBerger hat Maison gekickt. Grund: reicht', '2021-12-24 00:05:13'),
(367, 284, 397, 'kick', 'Nick_Woke hat Eric gekickt. Grund: im Support einfinden mit Clip', '2021-12-24 00:11:05'),
(368, 284, 397, 'kick', 'Nick_Woke hat Eric gekickt. Grund: Im Support einfinden LETZTE WARNUNG', '2021-12-24 00:13:13'),
(369, 307, 397, 'kick', 'Noah hat Eric gekickt. Grund: Letzte Warung diesmal wirklich', '2021-12-24 00:14:13'),
(370, 284, 397, 'ban', 'Nick_Woke hat Eric gebannt. Grund: Sicherheitsbann', '2021-12-24 00:15:40'),
(371, 313, 387, 'kick', 'RequVanBerger hat Aquartix gekickt. Grund: Wir tuen so :)', '2021-12-24 00:16:08'),
(372, 288, 401, 'ban', 'derprofi_xenon hat Hans_Huan gebannt. Grund: healkey', '2021-12-24 00:22:42'),
(373, 307, 317, 'kick', 'Noah hat tjay gekickt. Grund: Im SUpport melden mit Clip mit @Noah', '2021-12-24 00:30:36'),
(374, 284, 303, 'kick', 'Nick_Woke hat s2niklas gekickt. Grund: regelverstoß', '2021-12-24 00:35:32'),
(375, 284, 303, 'timeban', 'Nick_Woke hat s2niklas temporär gebannt. Grund: NoBush', '2021-12-24 00:36:28'),
(376, 284, 303, 'unban', 'Nick_Woke hat die Spieler-ID (303) entbannt.', '2021-12-24 00:43:26'),
(377, 284, 288, 'kick', 'Nick_Woke hat derprofi_xenon gekickt. Grund: haha', '2021-12-24 00:51:08'),
(378, 313, 313, 'kick', 'RequVanBerger hat RequVanBerger gekickt. Grund: 1', '2021-12-24 02:35:28'),
(379, 313, 407, 'kick', 'RequVanBerger hat orbital gekickt. Grund: Raff dich', '2021-12-24 02:52:18'),
(380, 313, 417, 'kick', 'RequVanBerger hat Jaron gekickt. Grund: Eigentlich braucht man Skill :)', '2021-12-24 14:48:59'),
(381, 283, 360, 'unban', 'Tim_Woke hat die Spieler-ID (360) entbannt.', '2021-12-24 23:06:55'),
(382, 283, 360, 'resethwid', 'Hardware-ID von 360 zurückgesetzt.', '2021-12-24 23:08:37'),
(383, 283, 417, 'kick', 'Tim_Woke hat Jaron gekickt. Grund: bug', '2021-12-24 23:24:07'),
(384, 283, 317, 'kick', 'Tim_Woke hat tjay gekickt. Grund: bug', '2021-12-24 23:24:17'),
(385, 284, 387, 'ban', 'Nick_Woke hat Aquartix gebannt. Grund: Hassrede', '2021-12-24 23:30:58'),
(386, 283, 405, 'resethwid', 'Hardware-ID von 405 zurückgesetzt.', '2021-12-24 23:41:08');

-- --------------------------------------------------------

--
-- Tabellenstruktur für Tabelle `server_blips`
--

CREATE TABLE `server_blips` (
  `id` int(11) NOT NULL,
  `name` varchar(128) NOT NULL,
  `sprite` int(11) NOT NULL,
  `color` int(11) NOT NULL,
  `scale` float NOT NULL,
  `shortRange` tinyint(1) NOT NULL,
  `alpha` int(11) NOT NULL,
  `posX` float NOT NULL,
  `posY` float NOT NULL,
  `posZ` float NOT NULL,
  `isActive` tinyint(1) NOT NULL
) ENGINE=InnoDB DEFAULT CHARSET=latin1;

--
-- Daten für Tabelle `server_blips`
--

INSERT INTO `server_blips` (`id`, `name`, `sprite`, `color`, `scale`, `shortRange`, `alpha`, `posX`, `posY`, `posZ`, `isActive`) VALUES
(1, 'Grove Family', 475, 25, 1, 1, 255, 468.624, -1803.23, 28.5925, 1),
(2, 'La Cosa Nostra', 475, 40, 1, 1, 255, -1535.58, 97.4416, 56.7706, 1),
(3, 'Front Yard Ballas', 475, 27, 1, 1, 255, 85.0863, -1957.54, 21.1254, 1),
(4, 'Marabunta Grande 13', 475, 3, 1, 1, 255, 1192.99, -1655.59, 43.0265, 1),
(6, 'Triaden', 475, 38, 1, 1, 255, 1380.26, 1147.29, 114.334, 1),
(7, 'Los Santos Vagos', 475, 46, 1, 1, 255, -1117.4, -1608.77, 4.23845, 1),
(8, 'YakuZa', 475, 49, 1, 1, 255, -1516.77, 851.591, 181.594, 1),
(11, 'Aztecas', 475, 3, 1, 1, 255, 1385.04, -592.398, 74.4855, 1),
(14, 'Secret Service', 475, 39, 1, 1, 255, -535.55, -220.613, 37.6498, 1),
(15, 'Bratwa', 475, 62, 1, 1, 255, -698.735, 47.139, 44.0338, 1),
(17, '187', 475, 37, 1, 1, 255, -1581.81, -59.1878, 56.0666, 1),
(18, 'Gerados Elite', 475, 83, 1, 1, 255, -406.535, 6148.93, 31.6783, 1),
(19, 'KFC Bigness', 475, 50, 1, 1, 255, -51.3351, 6515.82, 31.4908, 1),
(21, 'FIB', 475, 40, 1, 1, 255, 134.317, -719.017, 33.1333, 1),
(22, 'Die Grünen', 475, 2, 1, 1, 255, 787.049, 1280.38, 360.297, 1),
(50, 'Orga', 475, 37, 1, 1, 255, -708.3, -1130.32, 10.61, 1),
(666, 'Waffenladen', 110, 4, 1, 1, 255, 21.9674, -1106.72, 29.797, 1),
(1337, 'Schönheitsklinik', 279, 79, 1, 1, 255, 298.758, -584.425, 43.2608, 1);

-- --------------------------------------------------------

--
-- Tabellenstruktur für Tabelle `server_factions`
--

CREATE TABLE `server_factions` (
  `id` int(11) NOT NULL,
  `name` varchar(128) NOT NULL,
  `spawnX` float NOT NULL,
  `spawnY` float NOT NULL,
  `spawnZ` float NOT NULL,
  `private` tinyint(1) NOT NULL,
  `color` int(11) NOT NULL,
  `blipColor` int(11) NOT NULL
) ENGINE=InnoDB DEFAULT CHARSET=latin1;

--
-- Daten für Tabelle `server_factions`
--

INSERT INTO `server_factions` (`id`, `name`, `spawnX`, `spawnY`, `spawnZ`, `private`, `color`, `blipColor`) VALUES
(1, 'Ballas', 84.6384, -1958.1, 21.1217, 0, 145, 0),
(2, 'fib', 110.374, -736.147, 33.1332, 1, 0, 0),
(3, 'Grove', 469.5, -1803.61, 28.4652, 0, 53, 0),
(4, 'LCN', -1535.58, 97.4416, 56.7706, 0, 0, 0),
(5, 'MG13', 1192.99, -1655.59, 43.0265, 0, 70, 0),
(7, 'Triaden', 1380.35, 1147.3, 114.334, 0, 82, 0),
(8, 'Vagos', -1114.81, -1621.81, 4.39843, 0, 89, 0),
(9, 'Yakuza', -1516.9, 851.925, 181.595, 0, 43, 0),
(11, 'Aztecas', 1385.08, -592.365, 74.4855, 1, 140, 0),
(14, 'Secret Service', -535.55, -220.613, 37.6498, 1, 156, 0),
(15, 'Bratwa', -698.735, 47.139, 44.0338, 0, 14, 0),
(17, '187', -1579.94, -34.0914, 57.5652, 1, 120, 0),
(18, 'Die Grünen', 787.049, 1280.38, 360.297, 1, 53, 2),
(19, 'Orga', -718.62, -1119.64, 10.65, 1, 111, 2);

-- --------------------------------------------------------

--
-- Tabellenstruktur für Tabelle `server_factions_clothes`
--

CREATE TABLE `server_factions_clothes` (
  `id` int(11) NOT NULL,
  `factionId` int(11) NOT NULL,
  `hat` int(11) NOT NULL,
  `hatTex` int(11) NOT NULL,
  `mask` int(11) NOT NULL,
  `maskTex` int(11) NOT NULL,
  `top` int(11) NOT NULL,
  `topTex` int(11) NOT NULL,
  `undershirt` int(11) NOT NULL,
  `undershirtTex` int(11) NOT NULL,
  `leg` int(11) NOT NULL,
  `legTex` int(11) NOT NULL,
  `shoes` int(11) NOT NULL,
  `shoesTex` int(11) NOT NULL,
  `bag` int(11) NOT NULL,
  `bagTex` int(11) NOT NULL,
  `glasses` int(11) NOT NULL,
  `glassesTex` int(11) NOT NULL,
  `accessories` int(11) NOT NULL,
  `accessoriesTex` int(11) NOT NULL,
  `torso` int(11) NOT NULL
) ENGINE=InnoDB DEFAULT CHARSET=latin1;

--
-- Daten für Tabelle `server_factions_clothes`
--

INSERT INTO `server_factions_clothes` (`id`, `factionId`, `hat`, `hatTex`, `mask`, `maskTex`, `top`, `topTex`, `undershirt`, `undershirtTex`, `leg`, `legTex`, `shoes`, `shoesTex`, `bag`, `bagTex`, `glasses`, `glassesTex`, `accessories`, `accessoriesTex`, `torso`) VALUES
(1, 5, 8, 0, 95, 0, 96, 0, 0, 30, 5, 3, 7, 0, 0, 0, 0, 0, 0, 0, 14),
(2, 9, 30, 0, 111, 5, 139, 1, 0, 30, 24, 4, 10, 0, 0, 0, 0, 0, 0, 0, 17),
(3, 3, 77, 9, 51, 5, 82, 4, 15, 0, 42, 6, 7, 0, 0, 0, 0, 0, 0, 0, 0),
(4, 1, 8, 0, 51, 6, 203, 2, 15, 0, 5, 9, 7, 0, 0, 0, 0, 0, 0, 0, 0),
(5, 7, 7, 3, 95, 0, 111, 3, 0, 30, 28, 11, 42, 2, 0, 0, 0, 0, 77, 2, 1),
(6, 6, 5, 0, 95, 0, 163, 0, 75, 3, 4, 0, 1, 2, 0, 0, 0, 0, 0, 0, 0),
(7, 4, 61, 6, 111, 17, 76, 1, 3, 0, 24, 0, 36, 3, 0, 0, 0, 0, 0, 0, 6),
(8, 2, 66, 0, 54, 0, 234, 0, 15, 0, 24, 0, 10, 0, 0, 0, 25, 4, 125, 0, 30),
(9, 8, 8, 0, 129, 12, 253, 1, 0, 30, 5, 8, 7, 0, 0, 0, 0, 0, 0, 0, 4),
(10, 10, 77, 9, 111, 16, 134, 0, 15, 0, 5, 7, 7, 0, 0, 0, 0, 0, 0, 0, 14),
(11, 11, 3, 1, 111, 4, 251, 9, 0, 0, 97, 9, 7, 0, 0, 0, 0, 0, 0, 0, 0),
(14, 14, 8, 0, 54, 1, 13, 0, 130, 0, 24, 0, 10, 0, 0, 0, 0, 0, 128, 0, 0),
(15, 15, 12, 0, 110, 0, 111, 0, 15, 0, 28, 0, 10, 0, 0, 0, 0, 0, 0, 0, 4),
(17, 17, 0, 0, 54, 0, 135, 0, 15, 0, 33, 0, 6, 0, 0, 0, 0, 0, 11, 0, 84),
(18, 18, 8, 0, 190, 0, 245, 0, 15, 0, 59, 0, 25, 0, 86, 0, 0, 0, 0, 0, 15),
(19, 19, 12, 1, 111, 15, 111, 3, 15, 0, 24, 5, 7, 0, 0, 0, 0, 0, 0, 0, 17);

-- --------------------------------------------------------

--
-- Tabellenstruktur für Tabelle `server_factions_garage`
--

CREATE TABLE `server_factions_garage` (
  `id` int(11) NOT NULL,
  `factionId` int(11) NOT NULL,
  `pedModel` varchar(64) NOT NULL,
  `pedX` float NOT NULL,
  `pedY` float NOT NULL,
  `pedZ` float NOT NULL,
  `pedRot` float NOT NULL,
  `spawnX` float NOT NULL,
  `spawnY` float NOT NULL,
  `spawnZ` float NOT NULL,
  `spawnRot` float NOT NULL
) ENGINE=InnoDB DEFAULT CHARSET=latin1;

--
-- Daten für Tabelle `server_factions_garage`
--

INSERT INTO `server_factions_garage` (`id`, `factionId`, `pedModel`, `pedX`, `pedY`, `pedZ`, `pedRot`, `spawnX`, `spawnY`, `spawnZ`, `spawnRot`) VALUES
(1, 5, 'a_m_m_soucent_03', 1166.6, -1641.56, 36.9528, 0, 1160.99, -1647.44, 36.5073, 180.234),
(2, 9, 'g_m_y_korlieut_01', -1520.32, 848.974, 181.595, 36.1076, -1529.68, 858.641, 181.588, 299.009),
(3, 1, 'g_m_y_ballaorig_01', 102.974, -1958.63, 20.784, 354.349, 95.184, -1959.9, 20.2503, 317.319),
(4, 7, 'ig_milton', 1400.34, 1123.94, 114.828, 190, 1405.77, 1118.06, 114.124, 87.8782),
(5, 6, 'a_m_y_surfer_01', 781.316, 1280.63, 360.296, 143.561, 792.236, 1277.17, 359.872, 64.207),
(6, 4, 'a_m_y_hasjew_01', -1531.72, 79.2878, 56.7491, 321.473, -1531.72, 83.9317, 56.049, 313.154),
(7, 3, 'mp_m_famdd_01', 479.314, -1792.55, 28.5495, 243.561, 484.304, -1796.18, 28.395, 243.561),
(8, 2, 's_m_m_ciasec_01', 135.134, -718.669, 33.1333, 0, 132.384, -724.046, 33.1333, 0),
(9, 8, 'g_m_y_mexgoon_01', -1121.37, -1614.66, 4.39843, 0, -1119.04, -1605.99, 4.35141, 0),
(10, 10, 'a_m_m_stlat_02', -1244.14, -1232.73, 6.96911, 243.561, -1236.37, -1224.25, 6.45432, 143.561),
(11, 11, 'a_m_m_soucent_03', 1375.05, -597.682, 74.4342, 0, 1367.44, -580.253, 74.3803, 0),
(12, 12, 'ig_tracydisanto', 336.437, -2040.95, 21.1409, 0, 326.823, -2033.48, 20.9374, 0),
(14, 14, 'u_m_m_fibarchitect', -517.543, -251.499, 35.6723, 0, -514.052, -263.422, 35.4226, 0),
(15, 15, 'csb_reporter', -674.225, 50.7146, 42.8149, 0, -670.508, 46.2044, 41.6168, 260.561),
(17, 17, 'a_f_m_beach_01', -1575.91, -55.4513, 56.492, 0, -1581.81, -59.1878, 56.0666, 0),
(18, 18, 'csb_jackhowitzer', 780.912, 1281.08, 360.297, 0, 793.821, 1279.1, 360.296, 0),
(19, 19, 'g_m_y_ballaeast_01', -51.3351, 6515.82, 31.4908, 0, -51.5417, 6529.33, 31.4908, 0),
(20, 19, 'g_m_y_ballaeast_01', -709.67, -1123.67, 10.61, 0, -714.84, -1139.17, 10.18, 0);

-- --------------------------------------------------------

--
-- Tabellenstruktur für Tabelle `server_factions_vehicles`
--

CREATE TABLE `server_factions_vehicles` (
  `id` int(11) NOT NULL,
  `hash` int(10) UNSIGNED NOT NULL,
  `displayName` varchar(128) NOT NULL,
  `type` varchar(64) NOT NULL COMMENT 'bike // car',
  `neededLevel` int(11) NOT NULL DEFAULT 1
) ENGINE=InnoDB DEFAULT CHARSET=latin1;

--
-- Daten für Tabelle `server_factions_vehicles`
--

INSERT INTO `server_factions_vehicles` (`id`, `hash`, `displayName`, `type`, `neededLevel`) VALUES
(1, 1873600305, 'Ratbike', 'bike', 1),
(2, 86520421, 'bf400', 'bike', 5),
(3, 3403504941, 'Bati2', 'bike', 20),
(4, 4039289119, 'Hakuchou2', 'bike', 30),
(7, 3057713523, 'Dubsta3', 'car', 1),
(9, 970598228, 'Sultan', 'car', 2),
(10, 3670438162, 'Jackal', 'car', 2),
(11, 3379262425, 'Dominator2', 'car', 5),
(12, 108773431, 'Coquette', 'car', 10),
(13, 2809443750, 'Schafter3', 'car', 1),
(14, 867799010, 'Pariah', 'car', 20),
(15, 3884762073, 'Revolter', 'car', 25),
(16, 2765724541, 'Raiden', 'car', 30),
(17, 1663218586, 't20', 'car', 35),
(18, 3003014393, 'EntityXF', 'car', 40),
(19, 3862958888, 'Xls2', 'car', 45),
(20, 2445973230, 'Neon', 'car', 50),
(21, 3296789504, 'Visione', 'car', 55),
(22, 408192225, 'Turismo2', 'car', 60),
(23, 1939284556, 'Vagner', 'car', 65),
(24, 2123327359, 'Prototipo', 'car', 70),
(25, 2891838741, 'Zentorno', 'car', 80),
(26, 1987142870, 'Osiris', 'car', 90),
(27, 1753414259, 'Enduro', 'bike', 15),
(28, 3889340782, 'Shotaro', 'bike', 10),
(29, 3285698347, 'ZombieA', 'bike', 40);

-- --------------------------------------------------------

--
-- Tabellenstruktur für Tabelle `server_ffa`
--

CREATE TABLE `server_ffa` (
  `id` int(11) NOT NULL,
  `name` varchar(128) NOT NULL,
  `posX` float NOT NULL,
  `posY` float NOT NULL,
  `posZ` float NOT NULL,
  `dimension` int(11) NOT NULL
) ENGINE=InnoDB DEFAULT CHARSET=latin1;

--
-- Daten für Tabelle `server_ffa`
--

INSERT INTO `server_ffa` (`id`, `name`, `posX`, `posY`, `posZ`, `dimension`) VALUES
(1, '1', 160.857, -1004.98, 28.4021, 1);

-- --------------------------------------------------------

--
-- Tabellenstruktur für Tabelle `server_ffa_spawns`
--

CREATE TABLE `server_ffa_spawns` (
  `id` int(11) NOT NULL,
  `zoneId` int(11) NOT NULL,
  `posX` float NOT NULL,
  `posY` float NOT NULL,
  `posZ` float NOT NULL
) ENGINE=InnoDB DEFAULT CHARSET=latin1;

--
-- Daten für Tabelle `server_ffa_spawns`
--

INSERT INTO `server_ffa_spawns` (`id`, `zoneId`, `posX`, `posY`, `posZ`) VALUES
(1, 1, 206.494, -878.083, 31.4983),
(2, 1, 249.712, -896.04, 29.1415),
(3, 1, 200.702, -1003.49, 29.2918),
(4, 1, 139.705, -978.801, 29.4082),
(5, 1, 158.894, -911.684, 30.1863),
(6, 1, 186.913, -843.567, 31.0293),
(7, 1, 240.852, -876.465, 30.4921),
(8, 1, 229.314, -960.097, 29.3557),
(9, 1, 198.499, -899.619, 31.1168),
(10, 1, 210.603, -983.268, 29.1323);

-- --------------------------------------------------------

--
-- Tabellenstruktur für Tabelle `server_gangwarflags`
--

CREATE TABLE `server_gangwarflags` (
  `id` int(11) NOT NULL,
  `zoneId` int(11) NOT NULL,
  `flagX` float NOT NULL,
  `flagY` float NOT NULL,
  `flagZ` float NOT NULL
) ENGINE=InnoDB DEFAULT CHARSET=latin1;

--
-- Daten für Tabelle `server_gangwarflags`
--

INSERT INTO `server_gangwarflags` (`id`, `zoneId`, `flagX`, `flagY`, `flagZ`) VALUES
(6, 1, -602.798, 5311.51, 70.3277),
(7, 1, -510.022, 5240.92, 80.3026),
(8, 1, -477.635, 5359.29, 80.7589),
(9, 1, -55.672, 5319.19, 73.6013),
(10, 2, 3626.17, 3752.03, 28.5157),
(11, 2, 3556.66, 3723.91, 37.3527),
(12, 2, 3469.61, 3656.94, 42.5962),
(13, 3, 142.662, -358.746, 43.2556),
(14, 3, 28.3531, -361.183, 39.3147),
(15, 3, 39.6186, -457.113, 39.9197);

-- --------------------------------------------------------

--
-- Tabellenstruktur für Tabelle `server_gangwarzones`
--

CREATE TABLE `server_gangwarzones` (
  `id` int(11) NOT NULL,
  `zoneName` varchar(128) NOT NULL,
  `currentOwner` int(11) NOT NULL,
  `attackPosX` float NOT NULL,
  `attackPosY` float NOT NULL,
  `attackPosZ` float NOT NULL,
  `isPrivate` tinyint(1) NOT NULL DEFAULT 0
) ENGINE=InnoDB DEFAULT CHARSET=latin1;

--
-- Daten für Tabelle `server_gangwarzones`
--

INSERT INTO `server_gangwarzones` (`id`, `zoneName`, `currentOwner`, `attackPosX`, `attackPosY`, `attackPosZ`, `isPrivate`) VALUES
(1, 'Sägewerk', 17, -616.539, 5262.35, 72.8321, 0),
(2, 'Humane Labs', 17, 3420, 3759.37, 30.5556, 0),
(3, 'Baustelle', 17, 68.544, -405.424, 39.919, 0);

-- --------------------------------------------------------

--
-- Tabellenstruktur für Tabelle `server_prestige_vehicles`
--

CREATE TABLE `server_prestige_vehicles` (
  `id` int(11) NOT NULL,
  `hash` int(10) UNSIGNED NOT NULL,
  `displayName` varchar(64) NOT NULL,
  `neededLevel` int(11) NOT NULL DEFAULT 1
) ENGINE=InnoDB DEFAULT CHARSET=latin1;

--
-- Daten für Tabelle `server_prestige_vehicles`
--

INSERT INTO `server_prestige_vehicles` (`id`, `hash`, `displayName`, `neededLevel`) VALUES
(1, 470404958, 'Baller5', 1),
(2, 37348240, 'Hotknife', 0),
(3, 1093792632, 'Nero2', 2),
(4, 1922255844, 'Schafter6', 3);

-- --------------------------------------------------------

--
-- Tabellenstruktur für Tabelle `server_private_vehicles`
--

CREATE TABLE `server_private_vehicles` (
  `id` int(11) NOT NULL,
  `accountId` int(11) NOT NULL,
  `hash` int(10) UNSIGNED NOT NULL,
  `displayName` varchar(64) NOT NULL
) ENGINE=InnoDB DEFAULT CHARSET=latin1;

--
-- Daten für Tabelle `server_private_vehicles`
--

INSERT INTO `server_private_vehicles` (`id`, `accountId`, `hash`, `displayName`) VALUES
(21, 282, 3143386840, 's63w222'),
(22, 282, 3632063247, 'e63amg'),
(23, 281, 3143386840, 'S63w222'),
(24, 281, 2890648288, 'Bmwm8'),
(25, 286, 686471183, 'Drafter'),
(26, 285, 3143386840, 'S63w222'),
(27, 283, 1663218586, 't20'),
(28, 283, 686471183, 'drafter'),
(29, 284, 686471183, 'drafter'),
(30, 284, 3632063247, 'e63amg'),
(31, 284, 3143386840, 's63w222'),
(32, 283, 3143386840, 's63w222'),
(33, 283, 3632063247, 'e63amg');

--
-- Indizes der exportierten Tabellen
--

--
-- Indizes für die Tabelle `accounts`
--
ALTER TABLE `accounts`
  ADD PRIMARY KEY (`id`);

--
-- Indizes für die Tabelle `admin_logs`
--
ALTER TABLE `admin_logs`
  ADD PRIMARY KEY (`id`);

--
-- Indizes für die Tabelle `server_blips`
--
ALTER TABLE `server_blips`
  ADD PRIMARY KEY (`id`);

--
-- Indizes für die Tabelle `server_factions`
--
ALTER TABLE `server_factions`
  ADD PRIMARY KEY (`id`);

--
-- Indizes für die Tabelle `server_factions_clothes`
--
ALTER TABLE `server_factions_clothes`
  ADD PRIMARY KEY (`id`);

--
-- Indizes für die Tabelle `server_factions_garage`
--
ALTER TABLE `server_factions_garage`
  ADD PRIMARY KEY (`id`);

--
-- Indizes für die Tabelle `server_factions_vehicles`
--
ALTER TABLE `server_factions_vehicles`
  ADD PRIMARY KEY (`id`);

--
-- Indizes für die Tabelle `server_ffa`
--
ALTER TABLE `server_ffa`
  ADD PRIMARY KEY (`id`);

--
-- Indizes für die Tabelle `server_ffa_spawns`
--
ALTER TABLE `server_ffa_spawns`
  ADD PRIMARY KEY (`id`);

--
-- Indizes für die Tabelle `server_gangwarflags`
--
ALTER TABLE `server_gangwarflags`
  ADD PRIMARY KEY (`id`);

--
-- Indizes für die Tabelle `server_gangwarzones`
--
ALTER TABLE `server_gangwarzones`
  ADD PRIMARY KEY (`id`);

--
-- Indizes für die Tabelle `server_prestige_vehicles`
--
ALTER TABLE `server_prestige_vehicles`
  ADD PRIMARY KEY (`id`);

--
-- Indizes für die Tabelle `server_private_vehicles`
--
ALTER TABLE `server_private_vehicles`
  ADD PRIMARY KEY (`id`);

--
-- AUTO_INCREMENT für exportierte Tabellen
--

--
-- AUTO_INCREMENT für Tabelle `accounts`
--
ALTER TABLE `accounts`
  MODIFY `id` int(11) NOT NULL AUTO_INCREMENT, AUTO_INCREMENT=433;

--
-- AUTO_INCREMENT für Tabelle `admin_logs`
--
ALTER TABLE `admin_logs`
  MODIFY `id` int(11) NOT NULL AUTO_INCREMENT, AUTO_INCREMENT=387;

--
-- AUTO_INCREMENT für Tabelle `server_blips`
--
ALTER TABLE `server_blips`
  MODIFY `id` int(11) NOT NULL AUTO_INCREMENT, AUTO_INCREMENT=1338;

--
-- AUTO_INCREMENT für Tabelle `server_factions`
--
ALTER TABLE `server_factions`
  MODIFY `id` int(11) NOT NULL AUTO_INCREMENT, AUTO_INCREMENT=20;

--
-- AUTO_INCREMENT für Tabelle `server_factions_clothes`
--
ALTER TABLE `server_factions_clothes`
  MODIFY `id` int(11) NOT NULL AUTO_INCREMENT, AUTO_INCREMENT=20;

--
-- AUTO_INCREMENT für Tabelle `server_factions_garage`
--
ALTER TABLE `server_factions_garage`
  MODIFY `id` int(11) NOT NULL AUTO_INCREMENT, AUTO_INCREMENT=21;

--
-- AUTO_INCREMENT für Tabelle `server_factions_vehicles`
--
ALTER TABLE `server_factions_vehicles`
  MODIFY `id` int(11) NOT NULL AUTO_INCREMENT, AUTO_INCREMENT=32;

--
-- AUTO_INCREMENT für Tabelle `server_ffa`
--
ALTER TABLE `server_ffa`
  MODIFY `id` int(11) NOT NULL AUTO_INCREMENT, AUTO_INCREMENT=15;

--
-- AUTO_INCREMENT für Tabelle `server_ffa_spawns`
--
ALTER TABLE `server_ffa_spawns`
  MODIFY `id` int(11) NOT NULL AUTO_INCREMENT, AUTO_INCREMENT=70;

--
-- AUTO_INCREMENT für Tabelle `server_gangwarflags`
--
ALTER TABLE `server_gangwarflags`
  MODIFY `id` int(11) NOT NULL AUTO_INCREMENT, AUTO_INCREMENT=16;

--
-- AUTO_INCREMENT für Tabelle `server_gangwarzones`
--
ALTER TABLE `server_gangwarzones`
  MODIFY `id` int(11) NOT NULL AUTO_INCREMENT, AUTO_INCREMENT=5;

--
-- AUTO_INCREMENT für Tabelle `server_prestige_vehicles`
--
ALTER TABLE `server_prestige_vehicles`
  MODIFY `id` int(11) NOT NULL AUTO_INCREMENT, AUTO_INCREMENT=5;

--
-- AUTO_INCREMENT für Tabelle `server_private_vehicles`
--
ALTER TABLE `server_private_vehicles`
  MODIFY `id` int(11) NOT NULL AUTO_INCREMENT, AUTO_INCREMENT=34;
COMMIT;

/*!40101 SET CHARACTER_SET_CLIENT=@OLD_CHARACTER_SET_CLIENT */;
/*!40101 SET CHARACTER_SET_RESULTS=@OLD_CHARACTER_SET_RESULTS */;
/*!40101 SET COLLATION_CONNECTION=@OLD_COLLATION_CONNECTION */;
